id,name,team,url,pro,contro,status,error,fetchedAt
5841,Svilar,Roma,https://www.fantacalcio.it/serie-a/squadre/roma/svilar/5841,"Top assoluto nel suo ruolo, probabilmente il migliore del listone, anche e soprattutto in chiave modificatore. Affidabile sotto ogni aspetto.","In questo caso ovviamente occhio al prezzo, specialmente dopo la scorsa stagione il costo potrebbe essere davvero altissimo.",ok,,2026-08-30T21:31:35.974996+00:00
4431,Carnesecchi,Atalanta,https://www.fantacalcio.it/serie-a/squadre/atalanta/carnesecchi/4431,"Profilo top per il modificatore, ottimo acquisto per qualità-prezzo. Affidabilissimo per media voto. Titolare indiscusso.","Con Sarri si cambierà filosofia e anche assetto, soprattutto la difesa potrebbe risentirne inizialmente concedendo qualche gol in più rispetto al solito. Occhio alla costruzione dal basso, non è proprio il suo forte.",ok,,2026-08-30T21:31:40.873489+00:00
5116,Martinez Jo.,Inter,https://www.fantacalcio.it/serie-a/squadre/inter/martinez-jo/5116,"Dovrebbe finalmente arrivare la sua grande occasione. Parte avanti per essere il titolare, portiere affidabile sotto diversi aspetti. Ovviamente stuzzica soprattutto per il rapporto qualità-prezzo: alla prima grande opportunità in una big potrebbe costare meno rispetto ad un top più affermato.","Al primo anno da protagonista in una big di questo livello, mentalmente potrebbe anche accusare il colpo. Inoltre occhio a Provedel, la sua concorrenza resta fastidiosa.",ok,,2026-08-30T21:31:38.281339+00:00
4964,Vicario,Juventus,https://www.fantacalcio.it/serie-a/squadre/juventus/vicario/4964,"Portiere di grande livello, molto affidabile. Sia in termini di clean sheet che in chiave modificatore può essere un riferimento.","Il prezzo non sarà basso, anzi. State attenti e monitorate sempre l'FVM indicato per non esagerare.",ok,,2026-08-30T21:31:45.914769+00:00
6966,Butez,Como,https://www.fantacalcio.it/serie-a/squadre/como/butez/6966,"Portiere di una big, affidabile sia per titolarità che per MV. Inoltre, rispetto ad altri, garantisce un ottimo rapporto qualità-prezzo. Non ha ballottaggi.",Sicuramente un profilo migliore in termini di clean sheet piuttosto che per il modificatore difesa.,ok,,2026-08-30T21:31:43.251357+00:00
4312,Maignan,Milan,https://www.fantacalcio.it/serie-a/squadre/milan/maignan/4312,"Top di ruolo, anche e soprattutto in chiave modificatore. Pararigori.","Il prezzo non sarà basso, meglio seguire l'FVM per evitare di esagerare. Ha dei momenti no, occhio anche a qualche acciacco fisico di troppo.",ok,,2026-08-30T21:31:48.035615+00:00
2521,De Gea,Fiorentina,https://www.fantacalcio.it/serie-a/squadre/fiorentina/de-gea/2521,"Titolare fisso. Buon profilo sia per il modificatore che per i clean sheet, ma ovviamente in base al calendario. Dopo la scorsa stagione il prezzo può essere basso, possibile occasione.","L'età avanza, gli errori aumentano, sicuramente più altalenante del solito. Non un top, senza dubbi.",ok,,2026-08-30T21:31:49.817766+00:00
572,Meret,Napoli,https://www.fantacalcio.it/serie-a/squadre/napoli/meret/572,"Garantirà un buon numero di presenze, in vantaggio su Milinkovic Savic. Affidabile sotto diversi aspetti. Inoltre non è mai pagato come un top.",La concorrenza di Milinkovic Savic resta parecchio fastidiosa. Incline a qualche problemino fisico di troppo.,ok,,2026-08-30T21:31:52.140937+00:00
133,Skorupski,Bologna,https://www.fantacalcio.it/serie-a/squadre/bologna/skorupski/133,"Profilo sempre affidabile sotto diversi aspetti. Inoltre, il prezzo è ampiamente nella media, un buon portiere da alternare con un altro dello stesso livello.","Anche con il nuovo allenatore la filosofia resta offensiva e propositiva. Dunque, i gol subiti potrebbero non mancare, in termini di clean sheet non è proprio uno dei migliori.",ok,,2026-08-30T21:31:54.357465+00:00
4360,Caprile,Cagliari,https://www.fantacalcio.it/serie-a/squadre/cagliari/caprile/4360,"Titolare inamovibile, profilo molto appetibile per chi utilizza il modificatore. Rapporto qualità-prezzo intriga tantissimo.","Appetibile per il modificatore, decisamente meno in termini di clean sheet. I gol subiti non mancheranno.",ok,,2026-08-30T21:31:56.637753+00:00
6482,Mandas,Lazio,https://www.fantacalcio.it/serie-a/squadre/lazio/mandas/6482,"Per qualità-prezzo può essere uno dei migliori in questa stagione. Affidabile per il modificatore, leggermente avanti nelle gerarchie.","Avanti si, ma ovviamente il ballottaggio con Motta resta fastidioso. La coppia sembra quasi obbligatoria e nel complesso potrebbe non costare tantissimo.",ok,,2026-08-30T22:06:36.672162+00:00
6462,Okoye,Udinese,https://www.fantacalcio.it/serie-a/squadre/udinese/okoye/6462,"Titolare inamovibile, può essere una buona alternativa al vostro top di ruolo. Il prezzo è sempre molto basso.","Altalenante, sia in chiave modificatore che in termini di clean sheet.",ok,,2026-08-30T22:06:42.928965+00:00
6534,Perri,Torino,https://www.fantacalcio.it/serie-a/squadre/torino/perri/6534,,,missing,PRO/CONTRO not found; bytes=53852 title='Lucas Perri - Profilo calciatore 2025/26 | Fantacalcio' hasDescrizione=False,2026-09-02T22:19:47.424794+00:00
7332,Bijlow,Genoa,https://www.fantacalcio.it/serie-a/squadre/genoa/bijlow/7332,Portiere titolare che andrà via ad un prezzo probabilmente abbastanza basso. Intriga per qualità-prezzo.,Non offre grandissime garanzie sia in termini di clean sheet che per il modificatore. Sarà sempre da alternare in base al calendario.,ok,,2026-08-30T22:06:47.812830+00:00
2134,Falcone,Lecce,https://www.fantacalcio.it/serie-a/squadre/lecce/falcone/2134,Ormai è quasi un top da modificatore. Per qualità-prezzo resta un ottimo profilo sul quale puntare. Inamovibile e pararigori.,"Se in chiave modificatore è uno dei migliori, il discorso cambia se utilizzate solo il clean sheet, in tal caso il valore cala di parecchio. I gol subiti non saranno pochi.",ok,,2026-08-30T22:06:39.661651+00:00
6344,Sanchez Ro.,Como,https://www.fantacalcio.it/serie-a/squadre/como/sanchez-ro/6344,,,missing,PRO/CONTRO not found; bytes=53953 title='Robert Sanchez - Profilo calciatore 2025/26 | Fantacalcio' hasDescrizione=False,2026-09-02T22:19:49.879271+00:00
4236,Muric,Sassuolo,https://www.fantacalcio.it/serie-a/squadre/sassuolo/muric/4236,"Può essere interessante per rapporto qualità-prezzo, andrà via ad una cifra abbastanza bassa.",Sempre occhio alle sirene di mercato e alla concorrenza di Turati.,ok,,2026-08-30T22:06:51.968738+00:00
7411,Daffara,Parma,https://www.fantacalcio.it/serie-a/squadre/parma/daffara/7411,"Acquisto molto interessante, giovane promettente che potrebbe racimolare molteplici presenze. Intriga perchè può andare via ad un prezzo molto basso.","La concorrenza non manca, al primo anno da protagonista in Serie A va incontro comunque a possibili diverse difficoltà.",ok,,2026-08-30T22:06:50.260789+00:00
6248,Stankovic F.,Venezia,https://www.fantacalcio.it/serie-a/squadre/venezia/stankovic-f/6248,"Titolarissimo, intriga parecchio per qualità-prezzo soprattutto in chiave modificatore difesa. Andrà via ad un prezzo basso, ma può essere una buona alternativa.","Non una sicurezza in termini di clean sheet, sarà da alternare sempre e comunque in base al calendario e agli avversari.",ok,,2026-08-30T22:06:53.752060+00:00
6415,Palmisani,Frosinone,https://www.fantacalcio.it/serie-a/squadre/frosinone/palmisani/6415,"Estremo difensore abbastanza affidabile, anche in chiave modificatore. Andrà via ad un prezzo bassissimo.","Con l’arrivo di Desplanches la titolarità è tutt’altro che certa, anzi. E’ praticamente obbligatorio prenderli in coppia.",ok,,2026-08-30T22:06:55.966419+00:00
2170,Milinkovic-Savic V.,Napoli,https://www.fantacalcio.it/serie-a/squadre/napoli/milinkovic-savic-v/2170,Può racimolare comunque un buon numero di presenze. Pararigori. Prezzo abbordabile.,"Sembrerebbe dietro nelle gerarchie rispetto a Meret. Abbastanza discontinuo, non proprio un top da modificatore.",ok,,2026-08-30T22:07:02.176932+00:00
4485,Thiam,Monza,https://www.fantacalcio.it/serie-a/squadre/monza/thiam/4485,"Titolare di una squadra difensiva e rognosa, per qualità-prezzo potrebbe essere un acquisto interessante, soprattutto in chiave clean sheet. Ovviamente da alternare in base al calendario.","Scommessa si, ma non di più. Un’alternativa al vostro primo titolare, ma non un punto di riferimento nella vostra rosa.",ok,,2026-08-30T22:06:58.919286+00:00
7463,Desplanches,Frosinone,https://www.fantacalcio.it/serie-a/squadre/frosinone/desplanches/7463,"Portiere molto reattivo tra i pali, in chiave modificatore può rappresentare una scommessa intrigante. Andrà via ad un prezzo molto basso. Parte leggermente avanti nelle gerarchie.","Abbastanza altalenante, inoltre non è scontato che sia titolare. Il ballottaggio con Palmisani sarà serrato.",ok,,2026-08-30T22:07:04.792636+00:00
2814,Provedel,Inter,https://www.fantacalcio.it/serie-a/squadre/inter/provedel/2814,"Affidabile in termini di MV, può far bene quando chiamato in causa. Andrà via ad un prezzo basso nel complesso.","Dovrebbe partire dietro nelle gerarchie rispetto a Martinez, sulla carta è il secondo portiere dei nerazzurri. Va preso obbligatoriamente in coppia con l'altro estremo difensore nerazzurro.",ok,,2026-08-30T22:07:07.006991+00:00
6662,Corvi,Parma,https://www.fantacalcio.it/serie-a/squadre/parma/corvi/6662,"Affidabile quando chiamato in causa, anche per il modificatore. Andrà via ad un prezzo abbordabilissimo.","Ballottaggio con Dafara abbastanza serrato, non è scontato che sia un titolare inamovibile.",ok,,2026-08-30T22:07:55.158983+00:00
4,Sportiello,Atalanta,https://www.fantacalcio.it/serie-a/squadre/atalanta/sportiello/4,Secondo portiere affidabile che andrà via al prezzo minimo.,"Nettamente dietro nelle gerarchie rispetto a Carnesecchi, potrebbe anche chiudere il proprio campionato con 0 presenze.",ok,,2026-08-30T22:07:10.258655+00:00
7533,Happonen,Bologna,https://www.fantacalcio.it/serie-a/squadre/bologna/happonen/7533,Andrà sicuramente via al prezzo minimo.,"Portiere di riserva, rischia di non andare praticamente mai a voto.",ok,,2026-08-30T22:07:12.879428+00:00
7172,Pessina Mas.,Bologna,https://www.fantacalcio.it/serie-a/squadre/bologna/pessina-mas/7172,Portiere affidabile che andrà via al prezzo minimo.,"Parliamo del terzo portiere, il rischio che chiuda con 0 presenze è concreto.",ok,,2026-08-30T22:07:15.604644+00:00
6650,Sherri,Cagliari,https://www.fantacalcio.it/serie-a/squadre/cagliari/sherri/6650,Andrà via sicuramente al prezzo minimo.,Rischia seriamente di concludere la propria stagione con zero presenze all'attivo.,ok,,2026-08-30T22:07:18.579625+00:00
7301,Tornqvist,Como,https://www.fantacalcio.it/serie-a/squadre/como/tornqvist/7301,Secondo portiere di una big che andrà via sicuramente al prezzo minimo.,"Parte nettamente dietro nelle gerarchie in porta, potrebbe chiudere la propria stagione con 0 presenze all'attivo.",ok,,2026-08-30T22:07:21.268872+00:00
2809,Vigorito,Como,https://www.fantacalcio.it/serie-a/squadre/como/vigorito/2809,Andrà sicuramente via al prezzo minimo.,"Portiere di riserva, rischia di non andare praticamente mai a voto.",ok,,2026-08-30T22:07:23.438555+00:00
6403,Christensen O.,Fiorentina,https://www.fantacalcio.it/serie-a/squadre/fiorentina/christensen-o/6403,Secondo portiere affidabile e che andrà via al prezzo minimo senza troppi problemi.,"Nettamente dietro nelle gerarchie rispetto a De Gea, rischia di chiudere il proprio campionato con 0 presenze all'attivo.",ok,,2026-08-30T22:07:25.160100+00:00
158,Lezzerini,Fiorentina,https://www.fantacalcio.it/serie-a/squadre/fiorentina/lezzerini/158,Andrà sicuramente via al prezzo minimo.,"Terzo portiere, rischia concretamente di chiudere la propria stagione con 0 presenze all'attivo.",ok,,2026-08-30T22:07:27.185554+00:00
7466,Lolic,Frosinone,https://www.fantacalcio.it/serie-a/squadre/frosinone/lolic/7466,Andrà via sicuramente al prezzo minimo.,"Portiere di riserva, rischia di chiudere la propria stagione con 0 presenze all’attivo.",ok,,2026-08-30T22:07:29.003220+00:00
219,Sommariva,Genoa,https://www.fantacalcio.it/serie-a/squadre/genoa/sommariva/219,Andrà via molto probabilmente al prezzo minimo.,"Portiere di riserva, rischia di chiudere la propria stagione con 0 presenze all'attivo.",ok,,2026-08-30T22:07:31.615690+00:00
6569,Stolz,Genoa,https://www.fantacalcio.it/serie-a/squadre/genoa/stolz/6569,Andrà sicuramente via al prezzo minimo.,"Portiere di riserva, rischia di non andare praticamente mai a voto.",ok,,2026-08-30T22:07:33.415711+00:00
1926,Di Gennaro,Inter,https://www.fantacalcio.it/serie-a/squadre/inter/di-gennaro/1926,Andrà via molto probabilmente al prezzo minimo.,"Terzo portiere, rischia di chiudere la propria stagione con 0 presenze all'attivo.",ok,,2026-08-30T22:07:36.599323+00:00
1930,Pinsoglio,Juventus,https://www.fantacalcio.it/serie-a/squadre/juventus/pinsoglio/1930,Andrà sicuramente via al prezzo minimo.,"Terzo portiere, rischia di chiudere la propria stagione con zero presenze all'attivo.",ok,,2026-08-30T22:07:39.393691+00:00
7337,Motta,Lazio,https://www.fantacalcio.it/serie-a/squadre/lazio/motta/7337,Senza Provedel ha possibilità di racimolare qualche presenza in più. Il prezzo singolo sarà probabilmente abbastanza basso.,"Parte dietro nei confronti di Mandas, la coppia sembrerebbe obbligatoria e non costerà pochissimo nel complesso.",ok,,2026-08-30T22:07:41.800711+00:00
7534,Renzetti,Lazio,https://www.fantacalcio.it/serie-a/squadre/lazio/renzetti/7534,Andrà sicuramente via al prezzo minimo.,"Portiere di riserva, rischia di non andare praticamente mai a voto.",ok,,2026-08-30T22:07:43.613159+00:00
2815,Terracciano,Milan,https://www.fantacalcio.it/serie-a/squadre/milan/terracciano/2815,Secondo portiere che andrà via quasi sicuramente al prezzo minimo.,Nettamente dietro nelle gerarchie rispetto a Maignan. Potrebbe chiudere la propria stagione a 0 presenze.,ok,,2026-08-30T22:07:46.003157+00:00
6813,Torriani,Milan,https://www.fantacalcio.it/serie-a/squadre/milan/torriani/6813,Andrà sicuramente via al prezzo minimo.,"Terzo portiere, rischia seriamente di non andare mai a voto.",ok,,2026-08-30T22:07:47.736261+00:00
7475,Strajnar,Monza,https://www.fantacalcio.it/serie-a/squadre/monza/strajnar/7475,Andrà sicuramente via al prezzo minimo.,"Quasi sicuramente terzo portiere, chiuderà quasi sicuramente la propria stagione senza alcuna presenza.",ok,,2026-08-30T22:07:50.164366+00:00
2845,Contini,Napoli,https://www.fantacalcio.it/serie-a/squadre/napoli/contini/2845,Andrà sicuramente via al prezzo minimo.,"Terzo portiere, rischia tranquillamente di chiudere la propria stagione con 0 presenze.",ok,,2026-08-30T22:07:52.603876+00:00
7048,De Marzi,Roma,https://www.fantacalcio.it/serie-a/squadre/roma/de-marzi/7048,Andrà sicuramente via al prezzo minimo.,"Portiere di riserva, rischia di non andare praticamente mai a voto.",ok,,2026-08-30T22:07:57.609989+00:00
610,Gollini,Roma,https://www.fantacalcio.it/serie-a/squadre/roma/gollini/610,Secondo portiere affidabile e che andrà sicuramente via al prezzo minimo.,"Nettamente dietro nelle gerarchie, potrebbe chiudere la propria stagione anche con 0 minuti.",ok,,2026-08-30T22:08:00.073666+00:00
4518,Russo A.,Sassuolo,https://www.fantacalcio.it/serie-a/squadre/sassuolo/russo-a/4518,Andrà sicuramente via al prezzo minimo.,"Portiere di riserva, rischia di non andare praticamente mai a voto.",ok,,2026-08-30T22:08:02.697582+00:00
4867,Turati,Sassuolo,https://www.fantacalcio.it/serie-a/squadre/sassuolo/turati/4867,Spera di rientrare un minimo nelle rotazioni e collezionare qualche presenza. Andrà via probabilmente al prezzo minimo.,"Arriva da una brutta stagione, parte inoltre nettamente dietro nelle gerarchie rispetto a Muric.",ok,,2026-08-30T22:08:04.907352+00:00
7457,Mascardi,Torino,https://www.fantacalcio.it/serie-a/squadre/torino/mascardi/7457,Andrà sicuramente via al prezzo minimo. Potrebbe anche diventare il secondo portiere.,"Riserva, rischia comunque di non andare praticamente mai a voto.",ok,,2026-08-30T22:08:07.433113+00:00
5320,Paleari,Torino,https://www.fantacalcio.it/serie-a/squadre/torino/paleari/5320,"Spera ancora una volta di ""infastidire"" il primo portiere. Andrà via sicuramente al prezzo minimo.","Occhio, con Mascardi rischia di esser diventato addirittura il terzo portiere.",ok,,2026-08-30T22:08:10.384503+00:00
7363,Siviero,Torino,https://www.fantacalcio.it/serie-a/squadre/torino/siviero/7363,Andrà sicuramente via al prezzo minimo.,"Terzo portiere, rischia seriamente di chiudere la propria stagione con 0 presenze.",ok,,2026-08-30T22:08:13.324206+00:00
543,Padelli,Udinese,https://www.fantacalcio.it/serie-a/squadre/udinese/padelli/543,Andrà sicuramente via al prezzo minimo.,"Terzo portiere, potrebbe chiudere la propria stagione anche con 0 presenze.",ok,,2026-08-30T22:08:15.550800+00:00
5707,Piana,Udinese,https://www.fantacalcio.it/serie-a/squadre/udinese/piana/5707,Andrà sicuramente via al prezzo minimo.,"Portiere di riserva, rischia di non andare praticamente mai a voto.",ok,,2026-08-30T22:08:17.417692+00:00
6671,Grandi,Venezia,https://www.fantacalcio.it/serie-a/squadre/venezia/grandi/6671,Andrà sicuramente via al prezzo minimo.,"Dovrebbe essere il terzo portiere, rischia dunque di chiudere serenamente la propria stagione con 0 presenze all’attivo.",ok,,2026-08-30T22:08:20.509832+00:00
7531,Pozzi,Venezia,https://www.fantacalcio.it/serie-a/squadre/venezia/pozzi/7531,Andrà sicuramente via al prezzo minimo.,"Portiere di riserva, rischia di non andare praticamente mai a voto.",ok,,2026-08-30T22:08:22.910943+00:00
2127,Satalino,Sassuolo,https://www.fantacalcio.it/serie-a/squadre/sassuolo/satalino/2127,Andrà sicuramente via al prezzo minimo.,"Portiere di riserva, rischia di non andare praticamente mai a voto.",ok,,2026-08-30T22:08:26.371135+00:00
7557,Penev,Lecce,https://www.fantacalcio.it/serie-a/squadre/lecce/penev/7557,Andrà sicuramente via al prezzo minimo.,"Parliamo del terzo portiere, rischia di chiudere la propria stagione con 0 presenze.",ok,,2026-08-30T22:08:28.201055+00:00
7560,Pisseri,Frosinone,https://www.fantacalcio.it/serie-a/squadre/frosinone/pisseri/7560,Andrà via sicuramente al prezzo minimo.,"Portiere di riserva, rischia di chiudere la propria stagione con 0 presenze all’attivo.",ok,,2026-08-30T22:08:29.850374+00:00
3,Radunovic,Cagliari,https://www.fantacalcio.it/serie-a/squadre/cagliari/radunovic/3,Andrà via al prezzo minimo.,Il rischio di restare in panchina per tutta la stagione è parecchio concreto.,ok,,2026-08-30T22:08:33.035922+00:00
4957,Montipò,Venezia,https://www.fantacalcio.it/serie-a/squadre/venezia/montipo/4957,Acquistabile al prezzo minimo.,"E' il secondo portiere del Venezia, rischia di collezionare pochissime presenze.",ok,,2026-08-30T22:08:35.547612+00:00
4468,Bleve,Lecce,https://www.fantacalcio.it/serie-a/squadre/lecce/bleve/4468,Andrà sicuramente via al prezzo minimo.,Portiere di riserva del Lecce.,ok,,2026-08-30T22:08:38.577909+00:00
7603,Grabara,Juventus,https://www.fantacalcio.it/serie-a/squadre/juventus/grabara/7603,Andrà sicuramente via al prezzo minimo. Affidabile.,"Chiuso da Vicario, sarà il secondo portiere della Juventus.",ok,,2026-08-30T22:08:41.085229+00:00
7611,Mrozek,Udinese,https://www.fantacalcio.it/serie-a/squadre/udinese/mrozek/7611,Andrà sicuramente via al prezzo minimo.,"Secondo portiere, potrebbe chiudere la propria stagione anche con 0 presenze.",ok,,2026-08-30T22:08:44.061864+00:00
2874,Ghidotti,Parma,https://www.fantacalcio.it/serie-a/squadre/parma/ghidotti/2874,,,missing,PRO/CONTRO not found; bytes=53565 title='Simone Ghidotti - Profilo calciatore 2025/26 | Fantacalcio' hasDescrizione=False,2026-09-02T22:19:51.640325+00:00
7626,Pompei,Atalanta,https://www.fantacalcio.it/serie-a/squadre/atalanta/pompei/7626,,,missing,PRO/CONTRO not found; bytes=53585 title='Thomas Pompei - Profilo calciatore 2025/26 | Fantacalcio' hasDescrizione=False,2026-09-02T22:19:53.881263+00:00
254,Dimarco,Inter,https://www.fantacalcio.it/serie-a/squadre/inter/dimarco/254,"Primo slot assoluto nel reparto difensivo. Il top assistman della scorsa stagione, incline anche al gol. Averlo in squadra significa garantirsi almeno una decina di bonus anche nel reparto difensivo.","Ovviamente c'è solo un contro in questo caso, il prezzo: dopo una stagione come la scorsa ripetersi non è mai facile, ma nonostante ciò sarà nettamente il più pagato, probabilmente anche al livello di alcuni centrocampisti e difensori top. Seguite l'FVM per non esagerare.",ok,,2026-08-30T22:08:46.092558+00:00
7181,Wesley,Roma,https://www.fantacalcio.it/serie-a/squadre/roma/wesley/7181,"Di stampo offensivo, parecchio incline al bonus, soprattutto +3. Titolarissimo, andrà praticamente sempre a voto.","Leggermente discontinuo, non proprio un top da modificatore. Occhio comunque al prezzo, potrebbe non essere bassissimo, seguite l'FVM per non sbagliare.",ok,,2026-08-30T22:08:50.361455+00:00
4998,Molina N.,Roma,https://www.fantacalcio.it/serie-a/squadre/roma/molina-n/4998,"Vecchia conoscenza, si candida per essere un top di lista. Super propositivo, parecchio incline al bonus, con Gasperini può regalare davvero diverse soddisfazioni. Inamovibile.","Ovviamente in questo caso occhio soprattutto al prezzo, potrebbe essere parecchio alto in diverse leghe. Seguite l’FVM per non esagerare.",ok,,2026-08-30T22:08:47.879813+00:00
2788,Bremer,Juventus,https://www.fantacalcio.it/serie-a/squadre/juventus/bremer/2788,"Titolare inamovibile, sempre affidabile in chiave modificatore. Vizio del gol marcato per un difensore centrale.","Prezzo non bassissimo, seguite l'FVM per non esagerare. Occhio ai problemi fisici, ha spesso a che fare con acciacchi.",ok,,2026-08-30T22:08:55.331219+00:00
2296,Mancini,Roma,https://www.fantacalcio.it/serie-a/squadre/roma/mancini/2296,"Titolare, sempre più di supporto alla manovra offensiva. Vizietto del bonus, per rapporto qualità-prezzo è davvero un ottimo profilo, anche per il modificatore.","Potrebbe alternarsi un po' di più con la Champions League. Inoltre occhio sempre ai cartellini, non sono pochissimi.",ok,,2026-08-30T22:08:57.613342+00:00
4159,Akanji,Inter,https://www.fantacalcio.it/serie-a/squadre/inter/akanji/4159,"Praticamente un top se utilizzate il modificatore. Costante, affidabilissimo per MV e poco propenso ai malus. Per qualità-prezzo è uno dei migliori del campionato.","Senza modificatore perde di valore, porta pochi bonus.",ok,,2026-08-30T22:08:52.770032+00:00
4409,Rrahmani,Napoli,https://www.fantacalcio.it/serie-a/squadre/napoli/rrahmani/4409,"Sarà un inamovibile anche con Allegri. Affidabile, costante e profilo ottimale per il modificatore difesa. Il tutto ad un prezzo non altissimo per uno della sua qualità.","Il prezzo può variare, monitorate l'FVM per non esagerare. Occhio, nell'ultima stagione ha avuto qualche problemino fisico di troppo.",ok,,2026-08-30T22:09:05.593581+00:00
2120,Bastoni,Inter,https://www.fantacalcio.it/serie-a/squadre/inter/bastoni/2120,"Uno dei top di questo ruolo, anche in chiave modificatore. Costante, propositivo e incline anche al bonus. Titolare inamovibile.","Ovviamente in questo caso occhio soprattutto al prezzo che potrebbe essere alto, seguite l'FVM per non sforare.",ok,,2026-08-30T22:09:00.571188+00:00
4976,Kalulu,Juventus,https://www.fantacalcio.it/serie-a/squadre/juventus/kalulu/4976,"Duttile, propositivo e costante, anche in termini di MV. Profilo molto interessante anche in chiave modificatore. Rapporto qualità-prezzo super.","Non porta tantissimi bonus pur giocando da terzino, occhio a non esagerare con il costo d'acquisto. Ottimo colpo, ma non un top.",ok,,2026-08-30T22:09:08.131915+00:00
5022,Pavlovic,Milan,https://www.fantacalcio.it/serie-a/squadre/milan/pavlovic/5022,"Buon profilo per il modificatore, con il vizio marcato del gol. Rapporto qualità-prezzo sempre molto interessante.","Un po' altalenante in termini di MV, abbastanza incline anche ai cartellini.",ok,,2026-08-30T22:09:02.376717+00:00
5833,Gila,Milan,https://www.fantacalcio.it/serie-a/squadre/milan/gila/5833,"Titolare inamovibile, profilo molto affidabile anche in chiave modificatore. Rapporto qualità-prezzo intriga tantissimo.","Ovviamente ne vale la pena al prezzo giusto, non parliamo di un top assoluto seguite l'FVM per non esagerare. Poco propenso al gol.",ok,,2026-08-30T22:09:20.521864+00:00
4317,N'Dicka,Roma,https://www.fantacalcio.it/serie-a/squadre/roma/n-dicka/4317,"Titolare, vizio marcato del bonus. Punto di riferimento per la difesa, affidabile anche in chiave modificatore. Buon prezzo.","Un minimo altalenante, ha dei momenti di pausa. Inoltre, occhio anche a qualche acciacco fisico di troppo.",ok,,2026-08-30T22:09:10.402125+00:00
6956,Solet,Udinese,https://www.fantacalcio.it/serie-a/squadre/udinese/solet/6956,"Sempre molto propositivo, garantisce un ottimo numero di presenze e anche qualche bonus scarso. Buon profilo anche per chiudere il modificatore difesa.","Da monitorare sempre il prezzo, se va troppo oltre non ne vale la pena. Un minimo di discontinuità c'è sempre, occhio al calendario. Inoltre da attenzionare le sue condizioni fisiche, non sembra essere al 100%.",ok,,2026-08-30T22:09:12.283377+00:00
6217,Bisseck,Inter,https://www.fantacalcio.it/serie-a/squadre/inter/bisseck/6217,"Entrerà ancora una volta stabilmente nelle rotazioni difensive. Tante partite a voto, qualche gol come al solito e tutto ad un prezzo sempre abbastanza abbordabile.","Ha dei periodi di blackout, inoltre occhio alla concorrenza che in questa stagione è ancora più folta. Non è un inamovibile.",ok,,2026-08-30T22:09:14.522475+00:00
2514,Stones,Inter,https://www.fantacalcio.it/serie-a/squadre/inter/stones/2514,"Profilo di caratura internazionale e di grande esperienza, pronto ad essere più di un comprimario. Racimolerà diverse partite a voto, ad un prezzo anche abbordabile. Ha il vizietto del gol.","Le partite da giocare saranno molteplici, non possiamo di certo parlare di un inamovibile. Occhio anche a qualche problemino fisico di troppo che spesso si è ripresentato nel corso delle sue ultime stagioni.",ok,,2026-08-30T22:09:17.777651+00:00
2816,Di Lorenzo,Napoli,https://www.fantacalcio.it/serie-a/squadre/napoli/di-lorenzo/2816,"Sarà un titolarissimo anche con Allegri, poco cambia il modulo utilizzato. Propositivo, ma anche costante. Buon profilo per il modificatore.",Monitorate sempre l'FVM per non esagerare con il prezzo che potrebbe non essere bassissimo. Incline a qualche problemino fisico.,ok,,2026-08-30T22:09:23.650188+00:00
5750,Ostigard,Genoa,https://www.fantacalcio.it/serie-a/squadre/genoa/ostigard/5750,"Titolare inamovibile, particolarmente propenso al gol, sempre pericoloso nel gioco aereo. Per qualità-prezzo è un acquisto che intriga molto.","Leggermente discontinuo in termini di MV, da utilizzare anche in base al calendario. Occhio ai cartellini.",ok,,2026-08-30T22:09:28.363274+00:00
4807,Hermoso,Roma,https://www.fantacalcio.it/serie-a/squadre/roma/hermoso/4807,"Affidabile, costante in termini di media voto. Buon rapporto qualità-prezzo per un profilo pronto a garantire un ottimo numero di presenze e anche qualche bonus.","Incline ai cartellini. Con la Champions inoltre potrebbe alternarsi di più rispetto alla scorsa stagione, occhio anche agli acciacchi fisici.",ok,,2026-08-30T22:09:37.846102+00:00
5982,Spence,Inter,https://www.fantacalcio.it/serie-a/squadre/inter/spence/5982,"Molto propositivo. Investimento importante, giocherà sicuramente tanto. In questa posizione, con l'Inter, potrebbe senza dubbio portare più bonus del solito. Il prezzo non sarà altissimo.","Non proprio un gran dispensatore di bonus, dovrà arrivarci. Inoltre occhio alla concorrenza di Diouf, gli darà parecchio fastidio.",ok,,2026-08-30T22:09:26.144272+00:00
5526,Scalvini,Atalanta,https://www.fantacalcio.it/serie-a/squadre/atalanta/scalvini/5526,"Buon feeling con il bonus, parte tra i titolari ai nastri di partenza. Media voto affidabile, prezzo normale.","Da anni convive con diversi problemi fisici, le partite saltate per infortunio sono sempre parecchie. Necessita coperture affidabili.",ok,,2026-08-30T22:09:30.693192+00:00
6869,Ramon,Como,https://www.fantacalcio.it/serie-a/squadre/como/ramon/6869,"Parte avanti nelle gerarchie, ci aspettiamo tantissime partite a voto. Il vizietto del + 3 non gli manca, può essere una buona soluzione anche per il modificatore in base al calendario.","Ancora leggermente altalenante in termini di MV, troppo incline ai malus invece.",ok,,2026-08-30T22:09:33.172624+00:00
5641,Chalobah T.,Como,https://www.fantacalcio.it/serie-a/squadre/como/chalobah-t/5641,"Abbastanza duttile, anche grazie a questa caratteristica potrebbe collezionare davvero diverse partite a voto. Imponente nel gioco aereo, può essere un acquisto intrigante per rapporto qualità-prezzo.","Leggermente discontinuo in termini di rendimento, ogni tanto ha dei periodi non proprio felicissimi. Per il modificatore sarà comunque da alternare in base alle partite.",ok,,2026-08-30T22:09:48.965856+00:00
5885,Dodò,Fiorentina,https://www.fantacalcio.it/serie-a/squadre/fiorentina/dodo/5885,"Titolare fisso, anche abbastanza propositivo e incline al bonus. Sempre molto interessante per qualità-prezzo.",Non proprio un profilo ideale per il modificatore difesa. Occhio alle sirene di mercato.,ok,,2026-08-30T22:09:35.822701+00:00
5514,Vasquez,Genoa,https://www.fantacalcio.it/serie-a/squadre/genoa/vasquez/5514,"Duttile, affidabile e con il vizietto del bonus. Ottimo profilo anche in chiave modificatore, per qualità-prezzo è uno dei migliori nel suo ruolo.","Resta il titolare di una squadra che concede comunque diverse reti e di conseguenza non si può schierare a prescindere, va tenuto sempre d'occhio il calendario.",ok,,2026-08-30T22:09:40.843854+00:00
4994,Vojvoda,Udinese,https://www.fantacalcio.it/serie-a/squadre/udinese/vojvoda/4994,"Spicca per la sua duttilità, spesso a voto anche da subentrato. Buon rapporto qualità-prezzo, può regalare anche qualche bonus.","Ovviamente non una macchina da bonus, e neanche un profilo super affidabile per il modificatore. Inoltre, occhio anche alla concorrenza di Zanoli.",ok,,2026-08-30T22:10:25.404204+00:00
5555,Kamara H.,Udinese,https://www.fantacalcio.it/serie-a/squadre/udinese/kamara-h/5555,"Pronto a garantire un buon numero di partite a voto e anche qualche assist. Propositivo, prezzo mediamente basso.","Abbastanza discontinuo nel rendimento, non proprio un profilo da modificatore. Inoltre la concorrenza di Zemura resta comunque fastidiosa.",ok,,2026-08-30T22:10:28.688492+00:00
554,Zappacosta,Atalanta,https://www.fantacalcio.it/serie-a/squadre/atalanta/zappacosta/554,"Sempre affidabile e propositivo, con Sarri può portare diversi bonus. Andrà spesso a voto, prezzo abbastanza abbordabile.",Sempre alle prese con diversi problemini fisici che spesso influenzano le sue stagioni. Inoltre occhio al ballottaggio serrato con Bellanova.,ok,,2026-08-30T22:09:53.173586+00:00
4734,Miranda J.,Bologna,https://www.fantacalcio.it/serie-a/squadre/bologna/miranda-j/4734,"Propositivo, sempre pronto a supportare la manovra. Buon feeling con l'assist, titolare inamovibile.","Discontinuo in termini di media voto, non proprio un profilo ideale per il modificatore difesa. Occhio al prezzo, non esagerate.",ok,,2026-08-30T22:09:58.150459+00:00
4657,Celik,Juventus,https://www.fantacalcio.it/serie-a/squadre/juventus/celik/4657,"Jolly difensivo duttile, pronto a garantire diverse partite a voto, anche da subentrato. Affidabile in termini di MV, prezzo abbordabile.","Non proprio propenso al bonus. Duttile si, ma comunque non per forza un inamovibile.",ok,,2026-08-30T22:10:07.765324+00:00
5520,Cambiaso,Juventus,https://www.fantacalcio.it/serie-a/squadre/juventus/cambiaso/5520,"Jolly difensivo, duttile e incline ai bonus. Dopo la scorsa stagione (non proprio positiva) potrebbe andare via ad un prezzo abbordabile.","Abbastanza altalenante, soprattutto in termini di media voto. Non proprio l'ideale dunque per il modificatore difesa.",ok,,2026-08-30T22:09:43.504073+00:00
6320,Doekhi,Lazio,https://www.fantacalcio.it/serie-a/squadre/lazio/doekhi/6320,"Difensore centrale con il vizio marcato del gol, molto forte nel gioco aereo. Può garantire un discreto numero di partite a voto. Prezzo abbastanza basso.","Parecchio discontinuo in termini di MV e rendimento, non proprio un profilo ideale per il modificatore difesa. Non è detto che sia un titolare inamovibile.",ok,,2026-08-30T22:10:10.606224+00:00
6989,Tiago Gabriel,Lecce,https://www.fantacalcio.it/serie-a/squadre/lecce/tiago-gabriel/6989,"Forte di testa, ottima alternativa ai vostri titolarissimi, anche in chiave modificatore. Vizietto del gol e buon rapporto qualità-prezzo.","Milita in una squadra di bassa classifica e che subirà diversi gol, di conseguenza è da utilizzare anche in base al calendario.",ok,,2026-08-30T22:09:45.951794+00:00
6496,Bartesaghi,Milan,https://www.fantacalcio.it/serie-a/squadre/milan/bartesaghi/6496,"Molto propositivo, può incrementare il proprio bottino di bonus con il nuovo allenatore. Qualità-prezzo è un acquisto interessantissimo.","Abbastanza altalenante in termini di rendimento e quindi anche di MV, non proprio un top da modificatore. Occhio sempre un minimo alla concorrenza di Estupinan.",ok,,2026-08-30T22:10:12.920000+00:00
1852,Spinazzola,Napoli,https://www.fantacalcio.it/serie-a/squadre/napoli/spinazzola/1852,"Propositivo, incline al bonus. Può garantire un buon numero di presenze, incisivo anche da subentrato. Prezzo abbordabile.","Altalenante, anche a causa dei continui problemi fisici con cui ha a che fare nel corso della sua carriera. Inoltre, occhio alla concorrenza a sinistra, non è scontato che sia un inamovibile.",ok,,2026-08-30T22:10:16.041145+00:00
6664,Delprato,Parma,https://www.fantacalcio.it/serie-a/squadre/parma/delprato/6664,"Jolly difensivo, anche per il Mantra. Affidabile, con il vizietto del gol. Inamovibile, sempre intrigante per qualità-prezzo.","Gli estimatori non mancano, in alcuni casi il prezzo potrebbe anche alzarsi, seguite l'FVM per non esagerare. Non proprio ideale in chiave modificatore.",ok,,2026-08-30T22:10:18.781216+00:00
5862,Valeri,Parma,https://www.fantacalcio.it/serie-a/squadre/parma/valeri/5862,"Offensivo, propositivo e parecchio incline all'assist. Sempre titolare, per rapporto qualità-prezzo intriga sempre tanto.","Leggermente discontinuo in termini di MV, dunque non proprio affidabilissimo in chiave modificatore.",ok,,2026-08-30T22:10:20.927932+00:00
7529,Koulierakis,Roma,https://www.fantacalcio.it/serie-a/squadre/roma/koulierakis/7529,"Difensore duttile e propositivo, pronto a collezionare diverse partite a voto. Entrerà stabilmente nelle rotazioni e può scalare ben presto le gerarchie. Per qualità-prezzo intriga davvero tanto.","Al primo anno in Serie A potrebbe aver bisogno di ambientarsi, inoltre parte comunque leggermente dietro nelle gerarchie rispetto ad Hermoso.",ok,,2026-08-30T22:10:23.391734+00:00
6495,Comuzzo,Torino,https://www.fantacalcio.it/serie-a/squadre/torino/comuzzo/6495,"Rientrerà stabilmente nelle rotazioni, profilo low cost che può comunque garantire diverse presenze, anche da titolare.","Non proprio un inamovibile, la concorrenza è folta. Altalenante nel rendimento, non ideale per il modificatore. Occhio ai malus.",ok,,2026-08-30T22:11:55.583712+00:00
6727,Couto,Como,https://www.fantacalcio.it/serie-a/squadre/como/couto/6727,Laterale molto propositivo e anche parecchio incline al bonus. Con Fabregas può sbocciare e tornare ai livelli del Girona. Può rappresentare un colpo davvero importante. Andrà praticamente sempre a voto.,"La concorrenza non manca e sappiamo che Fabregas predilige un turnover marcato. Occhio al modificatore difesa, potrebbe non essere proprio un top in tal senso. Inoltre attenzione anche al prezzo, monitorate il suo FVM per non esagerare.",ok,,2026-08-30T22:10:31.173564+00:00
5675,Theate,Bologna,https://www.fantacalcio.it/serie-a/squadre/bologna/theate/5675,,,missing,PRO/CONTRO not found; bytes=54041 title='Arthur Theate - Profilo calciatore 2025/26 | Fantacalcio' hasDescrizione=False,2026-09-02T22:19:56.069172+00:00
4137,Diego Carlos,Parma,https://www.fantacalcio.it/serie-a/squadre/parma/diego-carlos/4137,,,missing,PRO/CONTRO not found; bytes=227919 title='Diego Carlos - Profilo calciatore 2025/26 | Fantacalcio' hasDescrizione=False,2026-09-02T22:19:58.363629+00:00
6046,Hien,Atalanta,https://www.fantacalcio.it/serie-a/squadre/atalanta/hien/6046,"Possibile rivalutazione con Sarri, può racimolare un buon bottino di presenze. Affidabile per media voto, prezzo abbordabile per un profilo spendibile anche per il modificatore.","Non si può definire un inamovibile, inoltre dovrà ambientarsi con la linea difensiva a quattro, con cui non si è praticamente mai cimentato. Ha saltato tutto il ritiro per infortunio.",ok,,2026-08-30T22:09:50.724200+00:00
6042,Lucumì,Juventus,https://www.fantacalcio.it/serie-a/squadre/juventus/lucumi/6042,"Ecco il grande salto, arriva per essere un punto fermo della difesa. Un titolare fisso ad un prezzo probabilmente comunque abbordabile. Da tenere d'occhio.","Leggermente discontinuo, i momenti no non mancano nelle sue stagioni. Non ha un gran feeling con il bonus.",ok,,2026-08-30T22:09:55.773075+00:00
4433,Zortea,Bologna,https://www.fantacalcio.it/serie-a/squadre/bologna/zortea/4433,"Propositivo, con il nuovo allenatore avrà la libertà di sovrapporsi e accompagnare l'azione in maniera puntuale. Può garantire diversi bonus ed un buon numero di presenze.","Qualcuno, memore dell'annata a Cagliari, potrebbe anche spingersi troppo oltre in termini di prezzo, voi seguite l'FVM per non esagerare. Occhio alla concorrenza di Holm, il ballottaggio è serrato.",ok,,2026-08-30T22:11:21.482161+00:00
4210,Mina,Cagliari,https://www.fantacalcio.it/serie-a/squadre/cagliari/mina/4210,"Titolare inamovibile, costante. Un profilo che in alcune partite può essere un'ottima opzione anche per chiudere il modificatore. Prezzo molto abbordabile.","L'età avanza, occhio agli acciacchi. Da alternare in base al calendario, non un primo slot per le vostre rose dunque. Qualche giallo di troppo lo prende.",ok,,2026-08-30T22:10:01.121814+00:00
5701,Obert,Cagliari,https://www.fantacalcio.it/serie-a/squadre/cagliari/obert/5701,"Titolare, duttile e che spesso accompagna anche la manovra offensiva. Prezzo molto basso.","Altalenante in termini di MV, non proprio un profilo da modificatore difesa.",ok,,2026-08-30T22:10:35.802323+00:00
5365,Dragusin,Fiorentina,https://www.fantacalcio.it/serie-a/squadre/fiorentina/dragusin/5365,"Difensore affidabile e costante, può essere un ottimo profilo anche per il modificatore. Per rapporto qualità-prezzo intriga tantissimo, si candida per essere un titolare certo dal vizietto del bonus.","Leggermente discontinuo e anche con qualche acciacco fisico di troppo negli ultimi anni. Non esagerate nel costo d’asta, seguite l’FVM.",ok,,2026-08-30T22:10:40.812375+00:00
6531,Jimenez A.,Fiorentina,https://www.fantacalcio.it/serie-a/squadre/fiorentina/jimenez-a/6531,"Propositivo, anche abbastanza incline al bonus. Duttilissimo, può andare a voto praticamente sempre, incidendo anche da subentrato. Prezzo abbordabile.","Leggermente discontinuo, soprattutto in termini di MV. Non un profilo ideale per il modificatore difesa.",ok,,2026-08-30T22:10:04.038906+00:00
7469,Bracaglia,Frosinone,https://www.fantacalcio.it/serie-a/squadre/frosinone/bracaglia/7469,"Profilo low cost che potrebbe inanellare diverse partite a voto, un titolarissimo. In diverse leghe potrebbe andare via ad un prezzo parecchio basso.","Visto anche il contesto, potrebbero non mancare le insufficienze e i cartellini. Inoltre occhio alla concorrenza, non è detto che venga confermato come titolare inamovibile anche in Serie A.",ok,,2026-08-30T22:12:23.630846+00:00
5620,Tavares N.,Lazio,https://www.fantacalcio.it/serie-a/squadre/lazio/tavares-n/5620,"Quando in forma, sempre propositivo e affidabile, soprattutto in chiave bonus. Il prezzo resta abbordabile e interessante.","I problemi fisici continuano a tormentarlo, restano il suo ""contro"" principale. Anche per questo motivo non è un top, potrebbe saltare diverse partite anche stavolta. Occhio a Pedraza.",ok,,2026-08-30T22:11:37.634790+00:00
4401,Gabbia,Milan,https://www.fantacalcio.it/serie-a/squadre/milan/gabbia/4401,"Rientrerà sicuramente nelle rotazioni difensive. Affidabile in termini di MV, andrà via ad un prezzo abbastanza abbordabile.","La concorrenza è sicuramente più folta e fastidiosa nella scorsa stagione, non si può più considerare un inamovibile assoluto. Porta pochissimi bonus.",ok,,2026-08-30T22:10:48.405617+00:00
7485,Mangas,Monza,https://www.fantacalcio.it/serie-a/squadre/monza/mangas/7485,"Scommessa molto interessante. Propositivo, incline al bonus e quasi sicuramente un titolare di riferimento. Per qualità-prezzo il suo acquisto intriga.","Gioca in una squadra che lotta per non retrocedere, di conseguenza il rendimento potrebbe essere abbastanza altalenante. Non proprio ideale per il modificatore.",ok,,2026-08-30T22:11:51.245264+00:00
6672,Idzes,Sassuolo,https://www.fantacalcio.it/serie-a/squadre/sassuolo/idzes/6672,"Titolare inamovibile in difesa, abbastanza costante anche in termini di MV. Classico titolare low cost affidabile.","Leggermente incline ai cartellini, di certo non un profilo ideale per il modificatore. Sarà da alternare sempre in base al calendario.",ok,,2026-08-30T22:10:55.708775+00:00
6642,Coco,Torino,https://www.fantacalcio.it/serie-a/squadre/torino/coco/6642,"Può racimolare un discreto numero di presenze e anche qualche bonus, il tutto ad un prezzo abbordabilissimo.","La concorrenza è folta e non è assolutamente scontato che sia un inamovibile, anzi. Il suo rendimento è spesso altalenante, non è proprio ideale per il modificatore difesa.",ok,,2026-08-30T22:10:57.570362+00:00
5010,Ismajli,Torino,https://www.fantacalcio.it/serie-a/squadre/torino/ismajli/5010,Dovrebbe rientrare stabilmente nelle rotazioni e collezionare diverse partite a voto. Affidabile e costante in termini di MV quando chiamato in causa. Prezzo basso.,"La concorrenza è folta, potrebbe non essere un titolare inamovibile. Sarà da alternare sempre in base al calendario e non da schierare a prescindere. Occhio agli acciacchi fisici.",ok,,2026-08-30T22:11:00.593284+00:00
4664,Badiashile,Napoli,https://www.fantacalcio.it/serie-a/squadre/napoli/badiashile/4664,"Arriva per giocarsela con Buongiorno, avrà sicuramente spazio. Può essere un acquisto interessante, anche perchè andrà via ad un prezzo basso.","Parecchio incline ai problemi fisici, inoltre avrà un ballottaggio serrato con Buongiorno.",ok,,2026-08-30T22:11:06.216893+00:00
7580,Sutalo J.,Lazio,https://www.fantacalcio.it/serie-a/squadre/lazio/sutalo-j/7580,"Centrale di esperienza, affidabile, che può racimolare diverse partite a voto. Può essere un ottimo acquisto per qualità-prezzo.","Ballottaggio serrato con Doekhi, non è assolutamente scontato che sia un titolare inamovibile, anzi. Occhio ai cartellini.",ok,,2026-08-30T22:11:09.294936+00:00
7220,Belghali,Torino,https://www.fantacalcio.it/serie-a/squadre/torino/belghali/7220,,,missing,PRO/CONTRO not found; bytes=230836 title='Rafik Belghali - Profilo calciatore 2025/26 | Fantacalcio' hasDescrizione=False,2026-09-02T22:20:01.006646+00:00
2640,Kolasinac,Atalanta,https://www.fantacalcio.it/serie-a/squadre/atalanta/kolasinac/2640,"Profilo esperto, duttile. Un jolly affidabile per il Mantra. Può racimolare diverse presenze anche da subentrato. Prezzo basso.","Concorrenza foltissima, non è scontato che sia un inamovibile. Spesso alle prese anche con qualche problemino fisico di troppo.",ok,,2026-08-30T22:12:06.044694+00:00
4887,Bellanova,Atalanta,https://www.fantacalcio.it/serie-a/squadre/atalanta/bellanova/4887,"Difensore molto propositivo (può sviluppare questa sua dote con Sarri), buon feeling con l'assist. Prezzo abbordabile.","Discontinuo, non proprio un profilo da modificatore. Ballottaggio serrato con Zappacosta, ai nastri di partenza non è un inamovibile.",ok,,2026-08-30T22:11:14.142029+00:00
7219,Bernasconi,Atalanta,https://www.fantacalcio.it/serie-a/squadre/atalanta/bernasconi/7219,"Con Sarri può sbocciare. Terzino tatticamente intelligente, ma propositivo. Può regalare più di un assist e anche buoni voti, molto intrigante per qualità-prezzo.","Potrebbe essere il profilo ideale di Sarri, ma nulla è scontato, anzi. La concorrenza non manca.",ok,,2026-08-30T22:11:16.410385+00:00
7212,Heggem,Bologna,https://www.fantacalcio.it/serie-a/squadre/bologna/heggem/7212,"Ottime possibilità di essere un titolare praticamente fisso. Affidabile per MV, una buona opzione anche per il modificatore ad un prezzo moderato.","Non ha proprio un gran feeling con il bonus, anzi. Il Bologna è una squadra propositiva, non mancheranno gli errori in fase difensiva.",ok,,2026-08-30T22:11:19.129177+00:00
5678,Holm,Bologna,https://www.fantacalcio.it/serie-a/squadre/bologna/holm/5678,"Può andare spessissimo a voto, anche da subentrato. Molto propositivo, incline anche al bonus. Coppia con Zortea interessante.","Altalenante anche a causa di qualche problema fisico di troppo. Ballottaggio serratissimo con Zortea, la coppia sembra obbligatoria.",ok,,2026-08-30T22:12:11.652128+00:00
7414,Kaiki,Como,https://www.fantacalcio.it/serie-a/squadre/como/kaiki/7414,"Molto propositivo, può sbocciare con Fabregas soprattutto in termini di continuità di bonus. Andrà molto spesso a voto, anche da subentrato. Per qualità-prezzo è una scommessa che intriga molto.","In fase difensiva ha ampi margini di miglioramento, almeno al momento non è proprio un top da modificatore. Il ballottaggio con Valle è serrato.",ok,,2026-08-30T22:10:38.171772+00:00
6867,Valle,Como,https://www.fantacalcio.it/serie-a/squadre/como/valle/6867,"Propositivo, potrebbe incrementare il suo bottino di bonus. Andrà molto spesso a voto, anche da subentrato.",Ballottaggio serratissimo con Kaiki. Non proprio un profilo ideale per il modificatore difesa. Discontinuo.,ok,,2026-08-30T22:11:23.436409+00:00
7410,Viery,Fiorentina,https://www.fantacalcio.it/serie-a/squadre/fiorentina/viery/7410,"Difensore centrale giovane e promettente, grande investimento per quello che potrebbe essere a tutti gli effetti un titolare. Racimolerà diverse presenze, spesso si stacca per supportare. Scommessa intrigante dal prezzo basso, anche per il modificatore in base al calendario.","Non è mai facile ambientarsi nel calcio italiano, specialmente per un difensore. Non è detto che sia fin da subito un inamovibile, anzi.",ok,,2026-08-30T22:11:29.132050+00:00
4952,Monterisi,Frosinone,https://www.fantacalcio.it/serie-a/squadre/frosinone/monterisi/4952,"Centrale affidabile, già esperto della categoria e con il vizietto marcato del gol. Il tutto ad un prezzo sempre molto basso, tra i migliori della squadra per qualità prezzo.","Tocca alternarlo tanto in base al calendario, potrebbe incappare in diverse insufficienze. Occhio anche ai cartellini.",ok,,2026-08-30T22:11:31.602832+00:00
6238,Oyono A.,Frosinone,https://www.fantacalcio.it/serie-a/squadre/frosinone/oyono-a/6238,"Può esser confermato tra i titolari, molto propositivo e anche incline al bonus. Non alla prima esperienza in Serie A, andrà via ad un prezzo molto basso.","Altalenante nel rendimento, non proprio un profilo da modificatore. Ha faticato in carriera ad affermarsi in Serie A, occhio a considerarlo un inamovibile assoluto.",ok,,2026-08-30T22:12:26.646598+00:00
6660,Marcandalli,Genoa,https://www.fantacalcio.it/serie-a/squadre/genoa/marcandalli/6660,"Costante nel rendimento, non ha grossi picchi, sia positivi che negativi. Titolare low cost, copertura dal prezzo veramente basso.","Non proprio un top da modificatore. Occhio ai malus, è abbastanza incline ai cartellini. Porta pochissimi bonus.",ok,,2026-08-30T22:11:33.495178+00:00
4177,Pavard,Inter,https://www.fantacalcio.it/serie-a/squadre/inter/pavard/4177,Profilo affidabile per MV quando chiamato in causa. Per qualità-prezzo può rappresentare una scommessa interessante. Può racimolare diverse presenze.,"Ovviamente parte dietro nelle gerarchie, può andare spesso a voto, ma allo stesso tempo non mancheranno gli SV. Porta pochi bonus.",ok,,2026-08-30T22:11:35.887969+00:00
5877,Carlos Augusto,Inter,https://www.fantacalcio.it/serie-a/squadre/inter/carlos-augusto/5877,"Duttile, affidabilissimo quando chiamato in causa. Profilo che per qualità-prezzo è sempre tra i migliori del campionato. Racimolerà come al solito diverse partite a voto.","Ovviamente anche in questa stagione è un'alternativa ai nastri di partenza. Sostituto sia di Dimarco che di Bastoni, ma ancora una volta non un titolare.",ok,,2026-08-30T22:10:43.403373+00:00
460,Romagnoli,Lazio,https://www.fantacalcio.it/serie-a/squadre/lazio/romagnoli/460,"Offre garanzie importanti sia in termini di minutaggio che di media voto. Buon profilo anche per il modificatore, il tutto ad un prezzo comunque abbordabile.","La Lazio di gol ne prende e ciò influisce anche sulla sua MV. Occhio poi sempre anche al mercato, sia in estate che in inverno potrebbe andare via.",ok,,2026-08-30T22:10:45.795958+00:00
4817,Pedraza,Lazio,https://www.fantacalcio.it/serie-a/squadre/lazio/pedraza/4817,"Costante e affidabile in termini di media voto. Può collezionare diverse presenze, anche da subentrato. Prezzo abbordabile e interessante.","Non proprio particolarmente propositivo. Qualche assist potrebbe portarlo, ma poco propenso al gol.",ok,,2026-08-30T22:12:34.427485+00:00
2188,Marusic,Lazio,https://www.fantacalcio.it/serie-a/squadre/lazio/marusic/2188,"Duttile e affidabile, soprattutto in termini di minutaggio. Va via sempre ad un prezzo abbordabile. Vizietto del bonus.","Forse troppo altalenante in termini di MV, diciamo non proprio un profilo da modificatore. Poi adesso la concorrenza è ancor più folta.",ok,,2026-08-30T22:11:40.253841+00:00
6990,Veiga D.,Lecce,https://www.fantacalcio.it/serie-a/squadre/lecce/veiga-d/6990,"Titolarissimo sulla corsia di destra, può portare anche qualche bonus. Andrà via ad un prezzo più che abbordabile.","Altalenante nel rendimento, non è proprio un profilo ideale per chi utilizza il modificatore di difesa.",ok,,2026-08-30T22:11:46.043075+00:00
4502,Gallo,Lecce,https://www.fantacalcio.it/serie-a/squadre/lecce/gallo/4502,"Titolare inamovibile, affidabile in termini di media voto. Incline all'assist, intriga per qualità-prezzo.","Affidabile si, ma tutto dipende dal calendario. Militando in una squadra di bassa classifica i gol e gli errori non mancheranno, dunque non potete fidarvi di lui alla cieca.",ok,,2026-08-30T22:11:49.307961+00:00
4751,Tomori,Milan,https://www.fantacalcio.it/serie-a/squadre/milan/tomori/4751,Andrà sicuramente via al prezzo minimo.,"Messo fuori rosa, non rientra nei piani dell'allenatore.",ok,,2026-08-30T22:10:50.226542+00:00
6202,Beukema,Napoli,https://www.fantacalcio.it/serie-a/squadre/napoli/beukema/6202,"Può racimolare un discreto numero di presenze. Affidabile per MV, andrà via ad un prezzo abbastanza abbordabile.",Non è assolutamente scontato che sia un inamovibile. Gli SV potrebbero non essere pochissimi.,ok,,2026-08-30T22:11:53.098739+00:00
2724,Buongiorno,Napoli,https://www.fantacalcio.it/serie-a/squadre/napoli/buongiorno/2724,"Dovrebbe collezionare diverse partite a voto. Dopo la scorsa stagione andrà via ad un prezzo abbordabile, può essere una grande occasione.","Ha dimostrato di essere abbastanza altalenante, inoltre molto dipenderà anche dall'assetto tattico proposto da Allegri. Incline ai problemi fisici, salterà tutto il ritiro estivo e non solo per infortunio.",ok,,2026-08-30T22:10:53.333959+00:00
6485,Kristensen T.,Atalanta,https://www.fantacalcio.it/serie-a/squadre/atalanta/kristensen-t/6485,"Titolare anche dopo il trasferimento, costante e affidabile per MV. Garantisce tante presenze, duttile anche per il Mantra. Buon rapporto qualità-prezzo.","Il livello aumenta, anche quello della concorrenza. Parte come titolare, ma dovrà adattarsi nel nuovo club e nella difesa a quattro.",ok,,2026-08-30T22:11:03.119093+00:00
7329,Obrador,Sassuolo,https://www.fantacalcio.it/serie-a/squadre/sassuolo/obrador/7329,"Affidabile, sia per MV che per minutaggio. Giocherà tanto, pronto a regalare anche più di un bonus. Per qualità/prezzo rappresenta un ottimo profilo.","Rispetto a quanto visto con il Torino agirà stabilmente da terzino e non da quinto, occhio dunque agli errori difensivi, potrebbero far calare la MV.",ok,,2026-08-30T22:12:01.331882+00:00
7069,Fortini,Torino,https://www.fantacalcio.it/serie-a/squadre/torino/fortini/7069,"Duttile, può racimolare diverse presenze anche da subentrato. Scommessina low cost ma che con Abate può sbocciare.","Ovviamente la concorrenza non manca si certo, anzi. Avrà alti e bassi, non proprio da modificatore.",ok,,2026-08-30T22:12:51.734696+00:00
7564,Leysen F.,Sassuolo,https://www.fantacalcio.it/serie-a/squadre/sassuolo/leysen-f/7564,Profilo low cost che può sorprendere sotto l'aspetto del minutaggio. Avrà parecchio spazio. Rappresenta una copertura interessantissima ad un prezzo molto basso.,"Al primo anno in Serie A, per un difensore non è mai facile ambientarsi subito nel nostro campionato. Inoltre, la concorrenza dietro non manca.",ok,,2026-08-30T22:12:54.238439+00:00
4705,Balerdi,Roma,https://www.fantacalcio.it/serie-a/squadre/roma/balerdi/4705,"Calciatore esperto e di buon livello che potrebbe entrare stabilmente nelle rotazioni. Prezzo sicuramente abbordabile, affidabile per MV.","Parte ovviamente leggermente dietro nelle gerarchie, non si può considerare di certo un inamovibile. Incline a qualche problema fisico di troppo.",ok,,2026-08-30T22:12:03.772844+00:00
4147,Caleta-Car,Sassuolo,https://www.fantacalcio.it/serie-a/squadre/sassuolo/caleta-car/4147,,,missing,PRO/CONTRO not found; bytes=53956 title='Caleta-Car Duje - Profilo calciatore 2025/26 | Fantacalcio' hasDescrizione=False,2026-09-02T22:20:03.004700+00:00
7621,Sugawara,Cagliari,https://www.fantacalcio.it/serie-a/squadre/cagliari/sugawara/7621,,,missing,PRO/CONTRO not found; bytes=54073 title='Yukinari Sugawara - Profilo calciatore 2025/26 | Fantacalcio' hasDescrizione=False,2026-09-02T22:20:05.511336+00:00
7532,Kofler,Cagliari,https://www.fantacalcio.it/serie-a/squadre/cagliari/kofler/7532,"Giovane difensore centrale che può racimolare diverse partite a voto. Spesso pericoloso nel gioco aereo, può rappresentare una scommessina molto intrigante per qualità-prezzo.","Ovviamente sarà alla prima stagione da protagonista in A, occhio dunque al salto di categoria. Non è ovviamente scontato che sia un inamovibile fin da subito.",ok,,2026-08-30T22:12:14.369179+00:00
7274,Zè Pedro,Cagliari,https://www.fantacalcio.it/serie-a/squadre/cagliari/ze-pedro/7274,"Duttile e affidabile, costante in termini di media voto. Prezzo molto basso per un titolare abbastanza fisso.","Un minimo di concorrenza c'è anche per lui. Da schierare in base al calendario, non a prescindere.",ok,,2026-08-30T22:12:16.320199+00:00
6893,Kempf,Como,https://www.fantacalcio.it/serie-a/squadre/como/kempf/6893,"Vizio marcato del gol, garantisce un ottimo numero di presenze. Prezzo molto moderato.","Non si può considerare un inamovibile, la concorrenza resta folta. Leggermente discontinuo in termini di MV.",ok,,2026-08-30T22:12:18.672044+00:00
7294,Valdepenas,Fiorentina,https://www.fantacalcio.it/serie-a/squadre/fiorentina/valdepenas/7294,"Giovane gioiello di grande talento, duttilissimo e pronto a rivelarsi un’ottima scommessa, soprattutto qualità-prezzo. Interessante anche per il modificatore, il vizietto del bonus lo ha.","Duttile, ma c’è parecchia concorrenza sia centralmente che a sinistra. Alla sua prima esperienza in Serie A, non sarà facilissimo ambientarsi ed essere subito protagonista.",ok,,2026-08-30T22:11:26.200098+00:00
7467,Calvani,Frosinone,https://www.fantacalcio.it/serie-a/squadre/frosinone/calvani/7467,"Classico titolare low cost di copertura, pronto a garantire diverse partite a voto e anche una buona MV. Prezzo comunque abbordabilissimo.","Ovviamente sarà da alternare soprattutto in base al calendario, non potrà essere schierato a prescindere.",ok,,2026-08-30T22:13:03.611047+00:00
6766,Kelly L.,Juventus,https://www.fantacalcio.it/serie-a/squadre/juventus/kelly-l/6766,"Può racimolare diverse partite a voto. Discreta opzione per il modificatore, ovviamente in base al calendario. Prezzo abbordabile.","Discontinuo nel rendimento, non è un profilo da schierare a prescindere. Inoltre occhio alla concorrenza sempre folta.",ok,,2026-08-30T22:12:31.391290+00:00
6632,Gaspar K.,Lecce,https://www.fantacalcio.it/serie-a/squadre/lecce/gaspar-k/6632,"Può collezionare un numero importante di presenze. Se sta bene, è una buona opzione anche per chiudere il modificatore in base al calendario. Prezzo basso.","Parecchio incline ai problemi fisici, anche nella prossima stagione le partite saltate potrebbero non essere poche.",ok,,2026-08-30T22:11:43.329244+00:00
5739,De Winter,Milan,https://www.fantacalcio.it/serie-a/squadre/milan/de-winter/5739,"Può racimolare un discreto numero di partite a voto, anche da subentrato. Duttile, andrà via probabilmente ad un prezzo basso.","Parte leggermente dietro nelle gerarchie, abbastanza discontinuo e altalenante nel rendimento, non proprio da modificatore.",ok,,2026-08-30T22:13:10.913178+00:00
5840,Olivera,Napoli,https://www.fantacalcio.it/serie-a/squadre/napoli/olivera/5840,"Duttile, può essere un jolly difensivo sia a tre che a quattro. Può garantire un discreto numero di presenze. Prezzo molto basso.","Concorrenza importante a sinistra, lui sembrerebbe partire leggermente dietro nelle gerarchie. Porta pochissimi bonus.",ok,,2026-08-30T22:12:39.594712+00:00
6631,Ghilardi,Roma,https://www.fantacalcio.it/serie-a/squadre/roma/ghilardi/6631,"Può racimolare un discreto numero di partite a voto, magari anche da subentrato. Affidabile quando chiamato in causa, andrà via ad un prezzo basso.","Parte comunque dietro nelle gerarchie difensive, non si può di certo considerare un inamovibile, anzi.",ok,,2026-08-30T22:13:28.404787+00:00
5851,Doig,Sassuolo,https://www.fantacalcio.it/serie-a/squadre/sassuolo/doig/5851,"Propositivo, abbastanza incline al bonus. Può collezionare diverse partite a voto ed essere incisivo anche da subentrato. Prezzo abbordabilissimo.","Abbastanza altalenante sotto diversi aspetti, anche a causa di qualche problemino fisico di troppo. Non proprio un profilo da modificatore, parte dietro Obrador.",ok,,2026-08-30T22:13:33.953027+00:00
7253,Bella-Kotchap,Venezia,https://www.fantacalcio.it/serie-a/squadre/venezia/bella-kotchap/7253,"Ottimo titolare low cost di copertura. Abbastanza affidabile in termini di MV, ma soprattutto per minutaggio. Andrà via ad un prezzo molto basso.","Ha dimostrato di essere comunque altalenante, di conseguenza, anche in chiave modificatore, sarà comunque da alternare in base al calendario e non dunque da schierare a prescindere.",ok,,2026-08-30T22:11:58.614517+00:00
4845,Correia T.,Venezia,https://www.fantacalcio.it/serie-a/squadre/venezia/correia-t/4845,"Potrebbe collezionare un discreto numero di partite a voto, anche da subentrato. Andrà sicuramente via ad un prezzo basso, molto propositivo.","Concorrenza foltissima sulla corsia di destra, non proprio un profilo ideale per il modificatore. Incline ai problemi fisici.",ok,,2026-08-30T22:12:47.473549+00:00
5695,Haps,Venezia,https://www.fantacalcio.it/serie-a/squadre/venezia/haps/5695,"Sempre molto propositivo, puntuale nell’inserimento e abbastanza incline all’assist. Può andare a voto praticamente sempre, anche da subentrato. Prezzo abbordabilissimo.","Discontinuo nel rendimento e in termini di MV, non proprio un profilo ideale per il modificatore difesa. Occhio ai cartellini.",ok,,2026-08-30T22:12:50.051816+00:00
5751,Patterson,Torino,https://www.fantacalcio.it/serie-a/squadre/torino/patterson/5751,,,missing,PRO/CONTRO not found; bytes=54013 title='Nathan Patterson - Profilo calciatore 2025/26 | Fantacalcio' hasDescrizione=False,2026-09-02T22:20:07.161014+00:00
5578,Kossounou,Atalanta,https://www.fantacalcio.it/serie-a/squadre/atalanta/kossounou/5578,"Profilo duttile, anche al Mantra. Andrà via ad un prezzo molto basso. Può racimolare partite a voto anche da subentrato.","Parte dietro nelle gerarchie sia come terzino che come centrale, non offre grosse garanzie di titolarità. Altalenante, non proprio un profilo da modificatore.",ok,,2026-08-30T22:13:55.628917+00:00
7068,Vitik,Bologna,https://www.fantacalcio.it/serie-a/squadre/bologna/vitik/7068,"Può racimolare un discreto bottino di presenze. Scommessina interessante anche per il modificatore. Prezzo basso, pochi malus.",Non si può considerare un inamovibile ovviamente. La concorrenza non manca.,ok,,2026-08-30T22:12:09.101701+00:00
7268,Rodriguez Ju.,Cagliari,https://www.fantacalcio.it/serie-a/squadre/cagliari/rodriguez-ju/7268,"Duttile, può racimolare diverse partite a voto, anche da subentrato. Prezzo molto basso.","Discontinuo nel rendimento, tutt'altro che un profilo da modificatore. Non si può assolutamente considerare un inamovibile, anzi.",ok,,2026-08-30T22:12:56.173838+00:00
7014,Smolcic I.,Como,https://www.fantacalcio.it/serie-a/squadre/como/smolcic-i/7014,"Classico profilo low cost pronto a garantire un discreto numero di presenze, anche da subentrato. Affidabile in termini di MV.","La concorrenza è folta, non è un titolare inamovibile. Porta pochi bonus pur giocando stabilmente come terzino.",ok,,2026-08-30T22:12:59.217667+00:00
5603,Pongracic,Fiorentina,https://www.fantacalcio.it/serie-a/squadre/fiorentina/pongracic/5603,"Entrerà stabilmente nelle rotazioni, può racimolare diverse presenze. Andrà via probabilmente al prezzo minimo.","Concorrenza folta, ballottaggio serrato. Non proprio costante nel rendimento, non troppo affidabile per il modificatore.",ok,,2026-08-30T22:13:00.928984+00:00
5449,Parisi,Fiorentina,https://www.fantacalcio.it/serie-a/squadre/fiorentina/parisi/5449,"Molto duttile, parecchio propositivo. Racimolerà diverse presenze, anche da subentrato. Andrà via ad un prezzo parecchio basso.","Altalenante nel rendimento, concorrenza comunque molto folta. Non è un inamovibile e neanche un profilo da modificatore.",ok,,2026-08-30T22:12:21.147945+00:00
5757,Cittadini,Frosinone,https://www.fantacalcio.it/serie-a/squadre/frosinone/cittadini/5757,"Spera di racimolare un discreto numero di partite a voto, abbastanza costante e affidabile in termini di MV. Inoltre, andrà via ad un prezzo anche parecchio basso.","Ovviamente potrebbe subite un minimo di cambio di categoria, inoltre militando in una squadra di bassa classifica sarà sempre da alternare anche in base al calendario.",ok,,2026-08-30T22:14:12.651352+00:00
7537,Mitaj,Genoa,https://www.fantacalcio.it/serie-a/squadre/genoa/mitaj/7537,"Può racimolare un discreto numero di partite a voto, anche a gara in corso. Sempre molto propositivo, agirà a tutta fascia. Andrà via ad un prezzo abbastanza conveniente.","Arriva per giocare in una posizione di campo dove la concorrenza è parecchio folta, dovrà sgomitare per collezionare un minutaggio importante.",ok,,2026-08-30T22:13:06.372421+00:00
5831,Gatti,Juventus,https://www.fantacalcio.it/serie-a/squadre/juventus/gatti/5831,"Può racimolare diverse partite a voto. Affidabile in termini di MV, prezzo abbordabile.",Parte leggermente dietro nelle gerarchie difensive. Abbastanza incline ai malus.,ok,,2026-08-30T22:13:08.566512+00:00
7012,Provstgaard,Lazio,https://www.fantacalcio.it/serie-a/squadre/lazio/provstgaard/7012,"Può entrare stabilmente nelle rotazioni difensive, racimolando diverse partite a voto. Andrà via ad un prezzo anche abbastanza basso.","Altalenante nel rendimento, non proprio un top da modificatore. Inoltre la concorrenza è folta, non si può considerare un inamovibile.",ok,,2026-08-30T22:14:15.556753+00:00
7131,Floriani Mussolini,Lazio,https://www.fantacalcio.it/serie-a/squadre/lazio/floriani-mussolini/7131,"Può racimolare diverse partite a voto, anche da subentrato. A gara in corso può essere incisivo, incline al bonus. Per qualità-prezzo può essere molto interessante.","Il ballottaggio con Marusic è serrato, ma parte leggermente dietro nelle gerarchie. Per la prima volta in una grande piazza, potrebbe impiegare un po’ ad ambientarsi.",ok,,2026-08-30T22:14:17.587504+00:00
7240,Siebert,Lecce,https://www.fantacalcio.it/serie-a/squadre/lecce/siebert/7240,"Può racimolare diverse partite a voto, prima alternativa ai titolari del Lecce. Andrà via ad un prezzo bassissimo.",Parte dietro nelle gerarchie rispetto a Gaspar e Tiago Gabriel. Gli SV potrebbero non essere pochi.,ok,,2026-08-30T22:12:37.106098+00:00
5838,Birindelli,Monza,https://www.fantacalcio.it/serie-a/squadre/monza/birindelli/5838,"Esperto, può comunque garantire un discreto numero di presenze, anche a gara in corso. Andrà via sicuramente ad un prezzo molto basso.","Abbastanza discontinuo nel rendimento, porta pochi bonus. Inoltre non è da considerare un inamovibile, anzi.",ok,,2026-08-30T22:13:21.103704+00:00
5307,Valenti,Parma,https://www.fantacalcio.it/serie-a/squadre/parma/valenti/5307,Garantisce un buon numero di partite a voto. Classica copertura dal prezzo molto basso.,"Abbastanza altalenante in termini di MV, parecchio incline ai cartellini.",ok,,2026-08-30T22:13:25.610337+00:00
6986,Rensch,Roma,https://www.fantacalcio.it/serie-a/squadre/roma/rensch/6986,"Jolly difensivo e duttile, pronto a garantire un buon numeri di partite a voto, anche da subentrato. Prezzo abbordabile.","Non un inamovibile, si alternerà molto. Anche leggermente discontinuo in termini di MV.",ok,,2026-08-30T22:12:42.259285+00:00
4374,Walukiewicz,Sassuolo,https://www.fantacalcio.it/serie-a/squadre/sassuolo/walukiewicz/4374,"Duttile, un jolly difensivo comunque affidabile in termini di MV e soprattutto di minutaggio. Andrà via ad un prezzo molto basso.","Non proprio un profilo da modificatore, anche abbastanza incline ai cartellini. Porta pochi bonus. Non titolarissimo e alle prese con diversi problemi fisici.",ok,,2026-08-30T22:13:30.988213+00:00
7526,Comert,Torino,https://www.fantacalcio.it/serie-a/squadre/torino/comert/7526,"Profilo affidabile che può racimolare un discreto numero di partite a voto, entrando nelle rotazioni difensive. Andrà sicuramente via ad un prezzo basso.","Appena arrivato, dovrà ambientarsi. Inoltre la concorrenza non manca, dovrà sgomitare per diventare un inamovibile.",ok,,2026-08-30T22:13:35.826797+00:00
4263,Kabasele,Udinese,https://www.fantacalcio.it/serie-a/squadre/udinese/kabasele/4263,Pronto a rientrare comunque stabilmente nelle rotazioni difensive. Può garantire un discreto numero di presenze ad un prezzo molto basso.,"Non è un inamovibile ai nastri di partenza, inoltre è anche abbastanza discontinuo per rendimento e dunque in chiave modificatore.",ok,,2026-08-30T22:13:37.810361+00:00
5820,Bertola,Udinese,https://www.fantacalcio.it/serie-a/squadre/udinese/bertola/5820,"Può rientrare stabilmente nelle rotazioni difensive, pronto a garantire diverse partite a voto. Andrà sicuramente via ad un prezzo basso.","Da alternare ovviamente in base al calendario, non è neanche scontato che sia un titolare inamovibile.",ok,,2026-08-30T22:13:39.571467+00:00
5527,Zanoli,Udinese,https://www.fantacalcio.it/serie-a/squadre/udinese/zanoli/5527,"Può tornare ad essere protagonista, pronto a garantire un buon numero di partite a voto. Vizietto del bonus, prezzo abbordabilissimo.","Reduce da un bruttissimo infortunio, potrebbe non offrire enormi garanzie sulla tenuta fisica, inoltre occhio alla concorrenza di Vojvoda.",ok,,2026-08-30T22:13:42.058636+00:00
7312,Arizala,Udinese,https://www.fantacalcio.it/serie-a/squadre/udinese/arizala/7312,"Con la cessione di Ehizibue potrebbe racimolare più presenze. Inoltre, con un Zanoli in fase di recupero, può davvero dire la sua in più di un'occasione. Propositivo, il prezzo sarà abbordabilissimo.","Alla prima vera stagione intera in Serie A. Ancora abbastanza discontinuo, parte comunque dietro nelle gerarchie rispetto a Zanoli.",ok,,2026-08-30T22:13:44.581712+00:00
6890,Moreno M.,Venezia,https://www.fantacalcio.it/serie-a/squadre/venezia/moreno-m/6890,"Può tornare protagonista, con il Venezia ha le carte per collezionare diverse partite a voto. Inoltre intrigante anche perchè andrà via ad un prezzo anche abbastanza basso.","Forse troppo discontinuo in termini di rendimento, non proprio un profilo ideale per il modificatore difesa. Inoltre non è scontato che sia un inamovibile.",ok,,2026-08-30T22:12:45.413875+00:00
6821,Hainaut,Venezia,https://www.fantacalcio.it/serie-a/squadre/venezia/hainaut/6821,"Duttile, può essere un jolly a centrocampo in più posizioni. Andrà spessissimo a voto, anche da subentrato. Prezzo probabilmente molto basso.","Non è scontato che sia un inamovibile, la concorrenza non manca. Qualsiasi sia la sua posizione, non è troppo propenso al bonus.",ok,,2026-08-30T22:14:37.154191+00:00
4375,Terzic,Frosinone,https://www.fantacalcio.it/serie-a/squadre/frosinone/terzic/4375,"Terzino esperto, affidabile sotto diversi aspetti. Può racimolare diverse presenze, anche a gara in corso. Andrà via ad un prezzo moplto basso.",Parte leggermente dietro nelle gerarchie rispetto a Bracaglia. Dovrà ambientarsi in un contesto già parecchio collaudato.,ok,,2026-08-30T22:13:50.471148+00:00
7563,Favasuli,Napoli,https://www.fantacalcio.it/serie-a/squadre/napoli/favasuli/7563,"Jolly duttile che può racimolare diverse partite a voto, anche da subentrato. Scommessina dal prezzo molto basso, buona copertura di Di Lorenzo.","Parte nettamente dietro nelle gerarchie rispetto a Di Lorenzo, potrebbe esser impiegato davvero poche volte da titolare.",ok,,2026-08-30T22:13:52.942129+00:00
256,Juan Jesus,Venezia,https://www.fantacalcio.it/serie-a/squadre/venezia/juan-jesus/256,,,missing,PRO/CONTRO not found; bytes=226425 title='Juan Jesus - Profilo calciatore 2025/26 | Fantacalcio' hasDescrizione=False,2026-09-02T22:20:09.315302+00:00
5498,Casale,Bologna,https://www.fantacalcio.it/serie-a/squadre/bologna/casale/5498,Uno di quei profili che andrà via al prezzo minimo.,"Non proprio affidabilissimo in termini di modificatore difesa. Incline ai malus, inoltre parte anche abbastanza dietro nelle gerarchie.",ok,,2026-08-30T22:13:57.949054+00:00
7326,Helland,Bologna,https://www.fantacalcio.it/serie-a/squadre/bologna/helland/7326,"Può racimolare diverse partite a voto, andrà via quasi sicuramente al prezzo minimo. Occasione.","Molto irruente, con il modo di difendere del Bologna potrebbero non mancare sia gli errori che i cartellini. In ballottaggio serrato.",ok,,2026-08-30T22:14:00.575418+00:00
7125,Idrissi R.,Cagliari,https://www.fantacalcio.it/serie-a/squadre/cagliari/idrissi-r/7125,"Molto propositivo, incline ai bonus. Può racimolare un minimo di presenze, anche da subentrato. Prezzo basso","Di certo non può essere considerato un titolare, almeno ai nastri di partenza, la concorrenza non manca. Ancora leggermente discontinuo, non proprio da modificatore.",ok,,2026-08-30T22:14:02.968562+00:00
4378,Ranieri L.,Fiorentina,https://www.fantacalcio.it/serie-a/squadre/fiorentina/ranieri-l/4378,"Duttile, può racimolare diverse presenze. Andrà via probabilmente al prezzo minimo.","Concorrenza folta, tutt'altro che un inamovibile. Parecchio altalenante, non da modificatore. Troppo incline ai cartellini.",ok,,2026-08-30T22:14:05.048968+00:00
7175,Joao Mario,Fiorentina,https://www.fantacalcio.it/serie-a/squadre/fiorentina/joao-mario/7175,"Può racimolare diverse presenze, anche da subentrato. Propenso al supporto offensivo, prezzo molto basso. Duttile.","Parte dietro nelle gerarchie, non si può assolutamente considerare un inamovibile. Non proprio un profilo da modificatore.",ok,,2026-08-30T22:14:08.017951+00:00
7540,Akpoguma,Frosinone,https://www.fantacalcio.it/serie-a/squadre/frosinone/akpoguma/7540,"Difensore centrale esperto e anche abbastanza affidabile sotto diversi aspetti. Potrebbe rientrare stabilmente nelle rotazioni difensive, racimolando varie partite a voto, il tutto ad un prezzo anche abbastanza basso.","Arriva in un contesto già parecchio consolidato, dovrà sgomitare per diventare un titolatissimo, cosa che almeno ai nastri di partenza non dovrebbe essere. Non proprio da modificatore.",ok,,2026-08-30T22:14:10.291874+00:00
5273,Estupinan,Milan,https://www.fantacalcio.it/serie-a/squadre/milan/estupinan/5273,"Può racimolare comunque un discreto numero di presenze, anche da subentrato. andrà via ad un prezzo molto basso.","Parte dietro nelle gerarchie rispetto a Bartesaghi, rischia di giocare raramente da titolare. Tremendamente altalenante in termini di media voto.",ok,,2026-08-30T22:13:13.031024+00:00
6659,Lucchesi,Monza,https://www.fantacalcio.it/serie-a/squadre/monza/lucchesi/6659,"Può garantire un buon numero di partite a voto, anche con una discreta MV. Classico profilo low cost di copertura.","Milita in una squadra che lotterà per non retrocede, il rendimento potrebbe essere altalenante. Inoltre, occhio sempre alla concorrenza.",ok,,2026-08-30T22:13:18.167210+00:00
7238,Kouadio,Monza,https://www.fantacalcio.it/serie-a/squadre/monza/kouadio/7238,"Un po' più esperto rispetto ad altri giovani, ha una concorrenza non proprio impossibile da superare. Può racimolare diverse partite a voto.","La concorrenza resta folta, non è scontato che sia un titolare inamovibile. Non proprio un profilo da modificatore.",ok,,2026-08-30T22:14:19.423579+00:00
4925,Carboni A.,Monza,https://www.fantacalcio.it/serie-a/squadre/monza/carboni-a/4925,"Duttile e ormai esperto della categoria, può garantire un buon numero di partite, anche da subentrato. Prezzo basso.","Abbastanza altalenante in termini di MV, non proprio un profilo da modificatore. Parecchio incline ai cartellini.",ok,,2026-08-30T22:14:21.157944+00:00
7235,Troilo,Parma,https://www.fantacalcio.it/serie-a/squadre/parma/troilo/7235,"Forte di testa, può garantire un ottimo numero di presenze. Classico titolare di copertura low cost.","C'è concorrenza, potrebbe ruotare e non essere inamovibile. Altalenante e irruente, incline ai cartellini.",ok,,2026-08-30T22:13:22.919547+00:00
7255,Britschgi,Parma,https://www.fantacalcio.it/serie-a/squadre/parma/britschgi/7255,"Jolly importante, anche al Mantra. Può andare spesso a voto, anche da subentrato. Prezzo abbordabilissimo.","Non un inamovibile, anzi. Non proprio un profilo ideale per il modificatore difesa.",ok,,2026-08-30T22:14:23.065965+00:00
6985,Candè,Sassuolo,https://www.fantacalcio.it/serie-a/squadre/sassuolo/cande/6985,"Può racimolare un discreto numero di partite a voto, specialmente in caso di difesa a tre. Duttile, andrà via ad un prezzo molto basso.","Abbastanza discontinuo in termini di MV, non proprio ideale per il modificatore. Inoltre non parte avanti nelle gerarchie, anzi.",ok,,2026-08-30T22:14:25.486575+00:00
6925,Palma,Udinese,https://www.fantacalcio.it/serie-a/squadre/udinese/palma/6925,Spera di racimolare un minimo di partite a voto. Andrà via ad un prezzo molto basso. Può essere una grande sorpresa.,"Parte dietro nelle gerarchie, rischia di collezionare più di un SV.",ok,,2026-08-30T22:14:27.270495+00:00
5994,Ebosse,Udinese,https://www.fantacalcio.it/serie-a/squadre/udinese/ebosse/5994,"Spera di racimolare un minimo di partite a voto. Duttile, andrà sicuramente via ad un prezzo molto bassa.","La concorrenza è parecchio folta, lui sembrerebbe partire nettamente dietro nelle gerarchie. Rischia di collezionare davvero diversi SV.",ok,,2026-08-30T22:14:29.770754+00:00
7538,Halhal,Venezia,https://www.fantacalcio.it/serie-a/squadre/venezia/halhal/7538,"Difensore giovane, ma con una certa esperienza anche internazionale. Ha le qualità per essere subito protagonista. Può essere una scommessa interessante in termini di minutaggio, ad un prezzo anche molto basso.","La concorrenza in casa Venezia nella linea difensiva è davvero foltissima, dovrà sgomitare per avere continuità. Al primo anno in Serie A potrebbero non mancare i momenti di blackout.",ok,,2026-08-30T22:13:47.172881+00:00
6892,Schingtienne,Venezia,https://www.fantacalcio.it/serie-a/squadre/venezia/schingtienne/6892,Può racimolare un discreto numero di partite a voto. Classico titolare low cost di copertura da poter tenere negli ultimi slot per ogni evenienza.,"La concorrenza non manca, parte come titolare, ma non è scontato che sia inamovibile. Altalenante, non proprio un profilo ideale per il modificatore difesa.",ok,,2026-08-30T22:14:32.293634+00:00
6673,Sverko,Venezia,https://www.fantacalcio.it/serie-a/squadre/venezia/sverko/6673,"Titolare inamovibile in difesa, anche abbastanza duttile. Affidabile, offre ottime garanzie in termini di minutaggio. Prezzo abbordabilissimo.","Ovviamente il livello in Serie A si alza, potrebbe essere leggermente discontinuo. Sarà da schierare sempre in base al calendario.",ok,,2026-08-30T22:14:35.317199+00:00
7478,Franjic,Venezia,https://www.fantacalcio.it/serie-a/squadre/venezia/franjic/7478,"Jolly difensivo duttile, intrigante ovviamente anche in chiave Mantra. Anche abbastanza propositivo, può racimolare un discreto numero di partite a voto, anche da subentrato. Prezzo basso.","Leggermente altalenante nel rendimento e di conseguenza anche in chiave modificatore. Non proprio un inamovibile, la concorrenza è folta sia nel ruolo di braccetto che di esterno.",ok,,2026-08-30T22:15:22.378833+00:00
7154,Odenthal,Sassuolo,https://www.fantacalcio.it/serie-a/squadre/sassuolo/odenthal/7154,"Andrà sicuramente via al prezzo minimo. Spera di racimolare qualche presenza, magari anche da subentrato.","Parte chiaramente dietro nelle gerarchie, rischia di andare raramente a voto.",ok,,2026-08-30T22:14:39.701754+00:00
7605,Tchato,Frosinone,https://www.fantacalcio.it/serie-a/squadre/frosinone/tchato/7605,"Arriva per giocarsi le sue possibilità, preferibilmente come terzino di destra. Può racimolare diverse partite a voto, andrà via ad un prezzo basso.","Si gioca il posto con Oyono, ma non solo. Spesso Alvini potrebbe preferire anche un terzino ""bloccato"" ad entrambi. Non è sicurissimo del posto, anzi.",ok,,2026-08-30T22:14:41.628256+00:00
6601,Kambwala,Como,https://www.fantacalcio.it/serie-a/squadre/como/kambwala/6601,"Difensore che potrebbe rientrare nelle rotazioni difensive. Andrà via sicuramente ad un prezza basso, ma può rappresentare una discreta alternativa.","Non proprio affidabilissimo in termini di minutaggio, anche a causa di continui problemi fisici che spesso si ripresentano nel corso delle sue stagioni.",ok,,2026-08-30T22:14:44.464322+00:00
5742,Drameh,Genoa,https://www.fantacalcio.it/serie-a/squadre/genoa/drameh/5742,,,missing,PRO/CONTRO not found; bytes=54066 title='Cody Drameh - Profilo calciatore 2025/26 | Fantacalcio' hasDescrizione=False,2026-09-02T22:20:11.394439+00:00
7483,Alhassane,Bologna,https://www.fantacalcio.it/serie-a/squadre/bologna/alhassane/7483,"Può racimolare un minimo di partite a voto, anche da subentrato. Coppia con Miranda fattibile, specialmente al Mantra. Andrà via ad un prezzo basso.","Ovviamente non parte avanti nelle gerarchie, anzi. Al primo anno in Serie A, non offre grandi garanzie, anche in termini di MV.",ok,,2026-08-30T22:14:47.042118+00:00
6896,Van Der Brempt,Como,https://www.fantacalcio.it/serie-a/squadre/como/van-der-brempt/6896,"Può racimolare diverse partite a voto, anche da subentrato. Arriva per giocare tanto e può regalare anche qualche bonus. Prezzo molto basso, affidabile.","Ha avuto qualche acciacco di troppo nell'ultimo periodo. Non è scontato che sia subito un inamovibile, la concorrenza sulla corsia di destra è folta. Rosa Sassuolo Muric Russo A. Turati Satalino Idzes Obrador Leysen F. Walukiewicz Doig Candè Odenthal Van Der Brempt Cinquegrano Missori Pieragnolo Macchioni Thorstvedt Konè I. Volpato Matic Adzic Bakola Dominguez B. Boloca Lipani Iannoni Berardi Laurientè Esposito Se. Bowie Moro L. Kulla",ok,,2026-08-30T22:14:48.867238+00:00
6977,Otoa,Genoa,https://www.fantacalcio.it/serie-a/squadre/genoa/otoa/6977,"Spera di racimolare un minimo di presenze, andrà via sicuramente al prezzo minimo.","Parecchio altalenante, sia in termini di minutaggio che di MV. Troppo incline ai cartellini.",ok,,2026-08-30T22:14:50.998916+00:00
7413,Puczka,Genoa,https://www.fantacalcio.it/serie-a/squadre/genoa/puczka/7413,"Può racimolare un discreto numero di partite a voto, anche a gara in corso. Propositivo, ha nelle gambe anche qualche bonus. Andrà via ad un prezzo parecchio basso.","Non parte avanti nelle gerarchie, dovrà sgomitare per soffiare il posto a Martin. La coppia intriga, ma non costerà pochissimo. Alla prima stagione in A, potrebbe essere leggermente discontinuo.",ok,,2026-08-30T22:14:54.256223+00:00
791,Sabelli,Genoa,https://www.fantacalcio.it/serie-a/squadre/genoa/sabelli/791,"Duttile, può racimolare diverse partite a voto anche da subentrato. Andrà via al prezzo minimo.","Parte dietro nelle gerarchie, sia a destra che a sinistra. Porta pochissimi bonus.",ok,,2026-08-30T22:14:56.713290+00:00
2263,Lazzari,Lazio,https://www.fantacalcio.it/serie-a/squadre/lazio/lazzari/2263,"Può racimolare un discreto numero di presenze, anche da subentrato. Andrà via probabilmente al prezzo minimo.","Altalenante, sia in termini di MV che di minutaggio. Parte abbastanza dietro nelle gerarchie. Spesso alle prese con qualche acciacco fisico di troppo",ok,,2026-08-30T22:14:58.688513+00:00
2728,Pellegrini Lu.,Lazio,https://www.fantacalcio.it/serie-a/squadre/lazio/pellegrini-lu/2728,"Può racimolare un discreto numero di presenze, anche a gara in corso. Andrà via probabilmente ad un prezzo parecchio basso.","La concorrenza è folta, parte dietro nelle gerarchie. Abbastanza altalenante in termini di MV.",ok,,2026-08-30T22:15:01.297521+00:00
6883,Jean,Lecce,https://www.fantacalcio.it/serie-a/squadre/lecce/jean/6883,Potrebbe racimolare un minimo di presenze. Andrà sicuramente via al prezzo minimo.,"Parte dietro nelle gerarchie rispetto agli altri difensori, rischia di giocare davvero raramente da titolare. Abbastanza altalenante per MV.",ok,,2026-08-30T22:15:03.731814+00:00
7182,Ndaba,Lecce,https://www.fantacalcio.it/serie-a/squadre/lecce/ndaba/7182,"Potrebbe racimolare diverse partite a voto, anche da subentrato. Prezzo bassissimo.","Parte dietro nelle gerarchie, rischia di giocare raramente da titolare. Abbastanza altalenante in termini di media voto.",ok,,2026-08-30T22:15:06.029683+00:00
7525,Diawara S.,Milan,https://www.fantacalcio.it/serie-a/squadre/milan/diawara-s/7525,"Spera di racimolare un minimo di partite a voto, magari anche da subentrato. Intriga soprattutto perchè andrà via ad un prezzo molto basso.","Al grande salto in un campionato di alto livello, potrebbe impiegare un minimo ad ambientarsi. Inoltre parte comunque abbastanza dietro nelle gerarchie.",ok,,2026-08-30T22:15:08.096661+00:00
7476,Bakoune,Monza,https://www.fantacalcio.it/serie-a/squadre/monza/bakoune/7476,"Scommessa intrigante per qualità-prezzo. Potrebbe racimolare diverse partite a voto, incisivo anche da subentrato. Può regalare anche qualche bonus.","Ancora leggermente discontinuo, soprattutto per MV e dunque in chiave modificatore.",ok,,2026-08-30T22:15:10.567686+00:00
6638,Marin R.,Napoli,https://www.fantacalcio.it/serie-a/squadre/napoli/marin-r/6638,Spera di racimolare un minimo di presenze. Andrà via sicuramente ad un prezzo molto basso.,"Parte nettamente dietro nelle gerarchie, rischia di giocare davvero poco.",ok,,2026-08-30T22:15:13.051906+00:00
7202,Ndiaye,Parma,https://www.fantacalcio.it/serie-a/squadre/parma/ndiaye/7202,Spera di rientrare stabilmente nelle rotazioni difensive e andare spesso a voto. Può andare via ad un prezzo molto basso.,"Concorrenza folta, lui non parte proprio avanti nelle gerarchie. Gli SV potrebbero non mancare, occhio anche agli infortuni.",ok,,2026-08-30T22:15:15.447599+00:00
252,Biraghi,Torino,https://www.fantacalcio.it/serie-a/squadre/torino/biraghi/252,"Potrebbe riacquistare un minimo di valore con Abate che spesso si affida a braccetti più propositivi. Lui ha il vizietto del bonus, anche da piazzato e andrà via sicuramente ad un prezzo molto basso.","Parecchio discontinuo negli ultimi anni, non offre grosse garanzie, sia in termini di MV, e quindi modificatore, che di minutaggio. Parte dietro nelle gerarchie.",ok,,2026-08-30T22:15:17.275136+00:00
6021,Abankwah,Udinese,https://www.fantacalcio.it/serie-a/squadre/udinese/abankwah/6021,"Spera di racimolare un minimo di partite a voto. Andrà sicuramente via al prezzo minimo, ma può giocare tanto.","La concorrenza è parecchio folta, lui è in ballottaggio serrato con gli altri. Non un inamovibile.",ok,,2026-08-30T22:15:19.782135+00:00
6681,Sagrado,Venezia,https://www.fantacalcio.it/serie-a/squadre/venezia/sagrado/6681,"Di stampo offensivo, può regalare qualche bonus ed un minimo di partite a voto. Incisivo anche da subentrato, andrà via probabilmente ad un prezzo abbastanza basso.","Non poco discontinuo, nel rendimento e dunque anche in chiave modificatore. Si alternerà tanto, non si può considerare un inamovibile.",ok,,2026-08-30T22:15:24.884418+00:00
7548,Aurelio,Cagliari,https://www.fantacalcio.it/serie-a/squadre/cagliari/aurelio/7548,"Può racimolare diverse partite a voto, anche da subentrato. Andrà via probabilmente ad un prezzo basso, ma è incline al bonus e può scalare le gerarchie.","Parte leggermente dietro, sia come terzino che come esterno. Al primo anno in Serie A potrebbe anche subire il cambio di categoria.",ok,,2026-08-30T22:15:26.716095+00:00
6537,Goglichidze,Monza,https://www.fantacalcio.it/serie-a/squadre/monza/goglichidze/6537,,,missing,PRO/CONTRO not found; bytes=223467 title='Saba Goglichidze - Profilo calciatore 2025/26 | Fantacalcio' hasDescrizione=False,2026-09-02T22:20:13.294177+00:00
7573,Cinquegrano,Sassuolo,https://www.fantacalcio.it/serie-a/squadre/sassuolo/cinquegrano/7573,"Andrà sicuramente via al prezzo minimo. Spera di racimolare qualche presenza, magari anche da subentrato.","Parte chiaramente dietro nelle gerarchie, rischia di andare raramente a voto.",ok,,2026-08-30T22:15:29.385535+00:00
5812,Terracciano F.,Milan,https://www.fantacalcio.it/serie-a/squadre/milan/terracciano-f/5812,Profilo molto duttile che spera di racimolare un minimo di partite a voto in più occasioni. Andrà sicuramente via al prezzo minimo.,"Parte dietro nelle gerarchie, rischia di giocare raramente, quasi mai da titolare.",ok,,2026-08-30T22:15:31.888134+00:00
7599,Lulli,Roma,https://www.fantacalcio.it/serie-a/squadre/roma/lulli/7599,"Può racimolare un minimo di partite a voto, anche da subentrato. Propenso ad attaccare, può regalare qualche bonus a prezzo di saldo.","Parte dietro nelle gerarchie, probabilmente l'ultimo tra gli esterni. Rischia di collezionare diversi SV.",ok,,2026-09-02T22:20:15.351169+00:00
7615,Drobnic,Parma,https://www.fantacalcio.it/serie-a/squadre/parma/drobnic/7615,Giovane di grande talento che può racimolare un minimo di partite a voto. Andrà sicuramente via ad un prezzo molto basso.,"Parte ovviamente dietro nelle gerarchie, la concorrenza nel reparto arretrato è parecchio folta.",ok,,2026-09-02T22:20:17.101520+00:00
487,De Silvestri,Bologna,https://www.fantacalcio.it/serie-a/squadre/bologna/de-silvestri/487,"Affidabile quando chiamato in causa, vizio del bonus. Prezzo minimo.","L'età purtroppo avanza, inoltre parte parecchio dietro nelle gerarchie. Tra qualche acciacco e concorrenza folta rischia di giocare davvero pochissimo.",ok,,2026-08-30T22:15:34.867110+00:00
418,Goldaniga,Como,https://www.fantacalcio.it/serie-a/squadre/como/goldaniga/418,"Affidabile quando chiamato in causa, andrà via sicuramente al prezzo minimo.","Nettamente dietro nelle gerarchie, rischia concretamente di chiudere la propria stagione con zero presenze.",ok,,2026-08-30T22:15:36.896124+00:00
5424,Amey,Frosinone,https://www.fantacalcio.it/serie-a/squadre/frosinone/amey/5424,"Proverà a rientrare stabilmente nelle rotazioni difensive, sperando di racimolare un minimo di partite a voto. Andrà sicuramente via al prezzo minimo.","Prima vera stagione in Serie A, non ci aspettiamo possa avere un rendimento molto continuo. Inoltre parte dietro nelle gerarchie, non è scontato che diventi un titolare.",ok,,2026-08-30T22:15:38.865392+00:00
294,Rugani,Juventus,https://www.fantacalcio.it/serie-a/squadre/juventus/rugani/294,"Profilo comunque affidabile quando chiamato in causa. Pochi malus, prezzo bassissimo.","Parte nettamente dietro nelle gerarchie, rischia di collezionare davvero poche presenze.",ok,,2026-08-30T22:15:42.081123+00:00
6039,Cabal,Juventus,https://www.fantacalcio.it/serie-a/squadre/juventus/cabal/6039,"Jolly difensivo, può racimolare un minimo di presenze, anche da subentrato. Prezzo molto basso.","Parte dietro nelle gerarchie difensive. Altalenante, occhio anche ai problemi fisici che spesso l'hanno tormentato negli ultimi anni.",ok,,2026-08-30T22:15:44.295931+00:00
327,Patric,Lazio,https://www.fantacalcio.it/serie-a/squadre/lazio/patric/327,Riesce sempre a garantire un discreto numero di presenze. Andrà via ad un prezzo molto basso.,"Parte dietro nelle gerarchie, potrebbe essere davvero raramente titolare. Non da modificatore, più propenso al malus che al bonus.",ok,,2026-08-30T22:15:46.930998+00:00
5399,Antov,Monza,https://www.fantacalcio.it/serie-a/squadre/monza/antov/5399,Spera di racimolare un minimo di partite a voto. Andrà sicuramente via al prezzo minimo.,"Parecchio incline ai problemi fisici, parte anche abbastanza dietro nelle gerarchie. Poco affidabile in chiave modificatore.",ok,,2026-08-30T22:15:49.695167+00:00
6809,Marianucci,Napoli,https://www.fantacalcio.it/serie-a/squadre/napoli/marianucci/6809,Spera di racimolare un minimo di presenze. Andrà via sicuramente ad un prezzo molto basso.,"Parte nettamente dietro nelle gerarchie, rischia di giocare davvero poco.",ok,,2026-08-30T22:15:52.850304+00:00
5481,Mazzocchi,Napoli,https://www.fantacalcio.it/serie-a/squadre/napoli/mazzocchi/5481,"Affidabile quando chiamato in causa, andrà via sicuramente al prezzo minimo.","Parte nettamente dietro nelle gerarchie, rischia di racimolare pochissime partite a voto.",ok,,2026-08-30T22:15:55.510411+00:00
6149,Carboni F.,Parma,https://www.fantacalcio.it/serie-a/squadre/parma/carboni-f/6149,"Spera di racimolare un minimo di partite a voto, anche da subentrato. Andrà via al prezzo minimo.","Parte nettamente dietro nelle gerarchie rispetto a Valeri, rischia di collezionare diversi SV.",ok,,2026-08-30T22:15:58.056670+00:00
7260,Ziolkowski,Roma,https://www.fantacalcio.it/serie-a/squadre/roma/ziolkowski/7260,"Giovane di talento che può racimolare un minimo di partite a voto. Buona MV, andrà sicuramente via ad un prezzo molto basso.","Di sicuro non parte avanti nelle gerarchie difensive, anzi, forse è l'ultimo del pacchetto. Ancora un po' acerbo.",ok,,2026-08-30T22:16:00.679184+00:00
7156,Pieragnolo,Sassuolo,https://www.fantacalcio.it/serie-a/squadre/sassuolo/pieragnolo/7156,Spera di racimolare un minimo di partite a voto. Andrà sicuramente via ad un prezzo bassissimo.,"Parte nettamente dietro nelle gerarchie, rischia di collezionare diversi SV.",ok,,2026-08-30T22:16:05.902445+00:00
7454,Gomes,Venezia,https://www.fantacalcio.it/serie-a/squadre/venezia/gomes/7454,"Duttile difensore, un jolly che spera di racimolare un minimo di partite a voto. Andrà sicuramente via ad un prezzo bassissimo.","Giovanissimo, alla prima esperienza in Serie A, rischia di giocare davvero raramente.",ok,,2026-08-30T22:16:10.608108+00:00
7553,Omar Fayed,Frosinone,https://www.fantacalcio.it/serie-a/squadre/frosinone/omar-fayed/7553,"Acquistabile al prezzo minimo, spera di racimolare un minimo di partite a voto.",Parliamo forse dell'ultimo centrale nelle gerarchie difensive. Rischia di giocare davvero raramente.,ok,,2026-08-30T22:16:12.623494+00:00
7604,Maye,Monza,https://www.fantacalcio.it/serie-a/squadre/monza/maye/7604,Difensore duttile che può giocare in più ruoli. Può racimolare un minimo di partite a voto. Andrà via al prezzo minimo.,"Non parte avanti nelle gerarchie, anzi. La concorrenza è molto folta e non è detto che riesca ad andare spesso a voto.",ok,,2026-08-30T22:16:21.392395+00:00
6826,Dembelè A.,Lecce,https://www.fantacalcio.it/serie-a/squadre/lecce/dembele-a/6826,,,missing,PRO/CONTRO not found; bytes=222045 title='Ali Dembelè - Profilo calciatore 2025/26 | Fantacalcio' hasDescrizione=False,2026-09-02T22:20:18.880857+00:00
6875,Paz N.,Como,https://www.fantacalcio.it/serie-a/squadre/como/paz-n/6875,"Top indiscusso capace di garantire un bottino di bonus davvero importante. Costante, sempre a voto e anche possibile vice rigorista. Uno dei primi slot assoluti a centrocampo.","Ovviamente il costo rischia di essere davvero altissimo. Seguite l'FVM e provate a non spingervi troppo oltre, potreste seriamente rischiare di compromettere la vostra asta andandolo a prendere a prezzi troppo alti.",ok,,2026-08-30T22:16:26.708333+00:00
2194,Calhanoglu,Inter,https://www.fantacalcio.it/serie-a/squadre/inter/calhanoglu/2194,"Top assoluto al Mantra, un primo slot senza dubbi anche al Classic. Rigorista indiscusso, ma sempre pericoloso anche al limite dell'area. Costante.","Il prezzo è alto, dunque vi con sigliamo di seguire l'FVM per non esagerare. Occhio agli acciacchi fisici, nella scorsa stagione le partite saltate non sono state poche.",ok,,2026-08-30T22:16:28.672238+00:00
4777,McTominay,Napoli,https://www.fantacalcio.it/serie-a/squadre/napoli/mctominay/4777,"Top di ruolo, pochi dubbi, anche con Allegri. Sempre presente, propenso agli inserimenti e ai bonus.","In questo caso il ""contro"" principale è legato ovviamente al prezzo, rischia di costare tantissimo. Seguite l'FVM per non esagerare.",ok,,2026-08-30T22:16:31.254778+00:00
2167,Orsolini,Bologna,https://www.fantacalcio.it/serie-a/squadre/bologna/orsolini/2167,"Top di ruolo, rigorista e titolare inamovibile con una partita a settimana. Capace di garantire sempre (almeno) doppia cifra di bonus totali.","Sempre leggermente discontinuo, in ogni stagione non mancano i periodi di digiuno (a volte anche abbastanza lunghi). Occhio al prezzo, seguite l'FVM indicato per non esagerare.",ok,,2026-08-30T22:16:34.351697+00:00
2423,Pulisic,Milan,https://www.fantacalcio.it/serie-a/squadre/milan/pulisic/2423,"Top di ruolo, uno dei primi slot assoluti a centrocampo. Propenso al bonus, sia gol che assist. Titolare inamovibile e anche possibile rigorista.","Ovviamente per profili del genere il contro principale è il prezzo, potrebbe essere parecchio alto. Inoltre, occhio sempre a qualche problemino fisico di troppo che spesso influenza le sue stagioni.",ok,,2026-08-30T22:16:36.581139+00:00
2379,Rabiot,Milan,https://www.fantacalcio.it/serie-a/squadre/milan/rabiot/2379,"Costante, pronto a garantire sempre un buon numero di bonus. Inamovibile e affidabile, per qualità-prezzo è probabilmente uno dei migliori a centrocampo.","Con Amorim potrebbe avere qualche compito difensivo in più. Occhio dunque, i bonus potrebbero diminuire rispetto alla scorsa stagione.",ok,,2026-08-30T22:16:39.315107+00:00
7126,Baturina,Como,https://www.fantacalcio.it/serie-a/squadre/como/baturina/7126,"Per una serie di motivi non verrà considerato un top assoluto, dunque rapporto qualità-prezzo può essere uno dei migliori acquisti dell'intera stagione. Garantisce bonus e un ottimo rendimento in termini di MV. Sempre a voto, incisivo anche da subentrato.","La sua collocazione tattica resta il problema principale (con Paz è costretto ad allargarsi), dovrà sapersi adattare. Dunque, il suo rendimento potrebbe comunque risentirne un minimo.",ok,,2026-08-30T22:16:42.102453+00:00
7556,Mora,Roma,https://www.fantacalcio.it/serie-a/squadre/roma/mora/7556,"Gioiello dal talento cristallino, di stampo offensivo, incline al bonus. Andrà praticamente sempre a voto, con Gasperini può sbocciare in maniera definitiva.","Ovviamente occhio al prezzo, potrebbe essere parecchio alto. Parecchio giovane alla prima esperienza in A, con Gasperini ci si alterna tanto e potrebbero non mancare i momenti no.",ok,,2026-08-30T22:16:44.567176+00:00
5559,Da Cunha,Como,https://www.fantacalcio.it/serie-a/squadre/como/da-cunha/5559,"Titolare inamovibile, duttile, affidabilissimo sotto diversi aspetti. Rigorista, propenso al bonus.","Reduce da una splendida stagione, rischia di andare via a cifre davvero alte. Tenete d'occhio l'FVM per evitare di esagerare.",ok,,2026-08-30T22:16:46.661331+00:00
1870,Barella,Inter,https://www.fantacalcio.it/serie-a/squadre/inter/barella/1870,"Titolare inamovibile, incline soprattutto all'assist. Costante e affidabile in termini di MV, inoltre rispetto ai suoi compagni andrà via ad un prezzo anche più basso.","Il costo è comunque da monitorare, in alcune leghe si potrebbe anche esagerare, dunque seguite l'FVM per non sbagliare. Poco propenso al gol.",ok,,2026-08-30T22:16:51.783783+00:00
2766,Zaniolo,Udinese,https://www.fantacalcio.it/serie-a/squadre/udinese/zaniolo/2766,"Reduce da una buona stagione, può incrementare ancor di più il bottino di bonus. Ce lo aspettiamo protagonista assoluto, un profilo davvero intrigante per rapporto qualità-prezzo.","Resta ovviamente il timore della discontinuità, suo tallone d'Achille, spesso alimentata anche da qualche acciacco fisico di troppo.",ok,,2026-08-30T22:16:48.537774+00:00
4973,McKennie,Juventus,https://www.fantacalcio.it/serie-a/squadre/juventus/mckennie/4973,"Jolly duttile e prezioso, andrà probabilmente sempre a voto. Ottimo feeling con il bonus, soprattutto gol. Per qualità-prezzo resta uno dei migliori profili in circolazione.","La concorrenza è folta, non è scontato che sia un inamovibile. Forse, per la prima volta, il suo prezzo potrebbe essere più alto del solito.",ok,,2026-08-30T22:16:54.826625+00:00
2517,De Bruyne,Napoli,https://www.fantacalcio.it/serie-a/squadre/napoli/de-bruyne/2517,"Campione, può tornare a brillare con Allegri. Incline sia al gol che all'assist, possibile primo rigorista. Costante in termini di MV, inoltre non ci aspettiamo un prezzo altissimo, può essere un'occasione.","Ovviamente c'è da stare attenti ai problemi fisici che potrebbero ripresentarsi anche in questa stagione, dunque meglio non esagerare con il prezzo.",ok,,2026-08-30T22:17:02.085190+00:00
632,Zaccagni,Lazio,https://www.fantacalcio.it/serie-a/squadre/lazio/zaccagni/632,"Inamovibile anche con Gattuso, possibile rigorista. Di stampo offensivo, può garantire comunque un discreto bottino di bonus. Dopo la scorsa stagione potrebbe rappresentare una grande occasione in termini di prezzo.","Ha dimostrato di essere parecchio altalenante in termini di rendimento e di bonus. Intriga, ma soltanto al prezzo giusto.",ok,,2026-08-30T22:16:59.354687+00:00
6908,Atta,Fiorentina,https://www.fantacalcio.it/serie-a/squadre/fiorentina/atta/6908,"Di grande qualità e propenso al bonus, affidabilissimo in termini di media voto. Inamovibile, offre diverse garanzie sotto diversi aspetti.","Profilo molto interessante, ma occhio al prezzo. Si alzerà in maniera vertiginosa rispetto alla scorsa stagione, seguite l'FVM per non esagerare.",ok,,2026-08-30T22:16:57.028475+00:00
5119,Samardzic,Atalanta,https://www.fantacalcio.it/serie-a/squadre/atalanta/samardzic/5119,"E' finalmente arrivato il suo momento? Sembra il profilo ideale per Sarri. Una mezzala alla Luis Alberto, propensa al bonus e di grande qualità. Scommessa molto interessante.","Fin qui sempre altalenante nel corso della propria carriera. Non è scontato che faccia bene nonostante le qualità e le caratteristiche. Occhio al prezzo, se c'è chi è disposto a fare follie, forse meglio mollare.",ok,,2026-08-30T22:17:15.925966+00:00
6884,Conceicao,Juventus,https://www.fantacalcio.it/serie-a/squadre/juventus/conceicao/6884,"Ci si aspetta più continuità, andrà sempre a voto. Incisivo anche da subentrato, con Spalletti può aumentare anche il bottino di bonus. Rapporto qualità-prezzo che intriga parecchio.","Discontinuo nel rendimento, a volte troppo fumoso. Inoltre non si può considerare un inamovibile, si alternerà.",ok,,2026-08-30T22:17:22.405922+00:00
7314,Taylor K.,Lazio,https://www.fantacalcio.it/serie-a/squadre/lazio/taylor-k/7314,"Uno dei migliori della scorsa stagione. Affidabile in termini di media voto, qualitativo e incline al bonus. Completo e titolare inamovibile.","Ovviamente occhio al prezzo, sarà uno dei più pagati in casa Lazio. Inoltre in caso di 4-2-3-1 potrebbe avere qualche compito difensivo in più.",ok,,2026-08-30T22:17:07.155316+00:00
5687,Vlasic,Torino,https://www.fantacalcio.it/serie-a/squadre/torino/vlasic/5687,"Sarà verosimilmente un inamovibile anche con Abate. Primo rigorista della squadra, sempre pronto a garantire un buon numero di bonus e presenze.","Dopo la scorsa stagione il suo prezzo potrebbe anche aumentare, meglio non esagerare. Resta comunque discontinuo sotto diversi aspetti, non va trattato come un top.",ok,,2026-08-30T22:17:09.788850+00:00
5792,Ederson D.S.,Atalanta,https://www.fantacalcio.it/serie-a/squadre/atalanta/ederson-d-s/5792,"Affidabilissimo per media voto e minutaggio, con Sarri potrebbe anche incrementare il bottino di bonus. Ci aspettiamo un prezzo nella norma.","Occhio al mercato (anche invernale), resta in partenza. Anche per questo motivo non esagerate con il prezzo.",ok,,2026-08-30T22:17:13.047226+00:00
5800,Gudmundsson A.,Fiorentina,https://www.fantacalcio.it/serie-a/squadre/fiorentina/gudmundsson-a/5800,"Andrà sempre a voto, nella maggior parte dei casi da titolare. Probabile primo rigorista, dopo la scorsa stagione avrà un prezzo sicuramente più basso.",Parecchio discontinuo nel rendimento e spesso alle prese con qualche acciacco fisico di troppo.,ok,,2026-08-30T22:17:04.853221+00:00
152,Zielinski,Inter,https://www.fantacalcio.it/serie-a/squadre/inter/zielinski/152,"Completamente rivitalizzato nella scorsa stagione, ha dimostrato di essere all'altezza del contesto. Costante, affidabile per MV e anche propenso al bonus. Vicerigorista dal prezzo abbordabile.","L'età avanza e la concorrenza è folta, non si può considerare un inamovibile. Il turnover non mancherà anche per lui.",ok,,2026-08-30T22:17:42.740084+00:00
2606,Modric,Milan,https://www.fantacalcio.it/serie-a/squadre/milan/modric/2606,"Campione affidabile ed esperto, tra i migliori nel suo ruolo per MV. Al Mantra acquista ancor più valore, un top indiscusso in quel contesto. Qualità-prezzo conveniente.","Non è un calciatore di stampo offensivo, dunque non aspettatevi un bottino importante di bonus.",ok,,2026-08-30T22:17:24.956635+00:00
6684,Ekkelenkamp,Udinese,https://www.fantacalcio.it/serie-a/squadre/udinese/ekkelenkamp/6684,"Pronto a garantire un buon numero di partite a voto, anche da subentrato. Ottimo feeling con il gol, rappresenta un buon acquisto per rapporto qualità-prezzo.",Leggermente discontinuo nel rendimento e anche nel minutaggio.,ok,,2026-08-30T22:17:47.544108+00:00
5172,Jones C.,Inter,https://www.fantacalcio.it/serie-a/squadre/inter/jones-c/5172,"Chivu ha insistito tanto per averlo, avrà parecchio spazio. Spesso chi arriva dalla Premier fa la differenza in A, può accadere lo stesso anche con lui. Inoltre ci aspettiamo un prezzo nella norma.","Può migliorare, ma fino ad oggi non è mai stato una macchina da bonus. Inoltre in casa Inter la concorrenza in mediana è parecchio folta, non è scontato che sia subito un inamovibile.",ok,,2026-08-30T22:17:31.909151+00:00
4179,Gonzalez N.,Juventus,https://www.fantacalcio.it/serie-a/squadre/juventus/gonzalez-n/4179,Spalletti pronto a rivalutarlo e ad utilizzarlo. Può entrare stabilmente nelle rotazioni e tornare ad essere protagonista. Scommessa che intriga tanto per qualità-prezzo.,"Negli ultimi anni ha dimostrato di essere altalenante, anche a causa di alcuni problemi fisici. La concorrenza poi alla Juve è folta, non è un inamovibile.",ok,,2026-09-02T22:20:21.518958+00:00
1850,Kessiè,Atalanta,https://www.fantacalcio.it/serie-a/squadre/atalanta/kessie/1850,,,missing,PRO/CONTRO not found; bytes=54069 title='Franck Kessiè - Profilo calciatore 2025/26 | Fantacalcio' hasDescrizione=False,2026-09-02T22:20:23.531135+00:00
7625,Goncalves P.,Fiorentina,https://www.fantacalcio.it/serie-a/squadre/fiorentina/goncalves-p/7625,,,missing,"PRO/CONTRO not found; bytes=53883 title='Goncalves ""Pote"" Pedro - Profilo calciatore 2025/26 | Fantacalcio' hasDescrizione=False",2026-09-02T22:20:25.501713+00:00
7129,Rodriguez Je.,Como,https://www.fantacalcio.it/serie-a/squadre/como/rodriguez-je/7129,"Rientrerà stabilmente nelle rotazioni. Di stampo offensivo, intriga tanto nel pacchetto di centrocampisti. Il prezzo resterà abbordabile, profilo affidabile anche per MV. Molto incline agli assist.","Può migliorare tanto, ma ovviamente resta non proprio un grandissimo dispensatore di gol. La concorrenza è folta, si alternerà tanto.",ok,,2026-08-30T22:17:18.008704+00:00
5823,Baldanzi,Genoa,https://www.fantacalcio.it/serie-a/squadre/genoa/baldanzi/5823,"Qualità importanti, potrebbe finalmente avere continuità. Possibile specialista per i piazzati, di stampo offensivo e parecchio incline al bonus. Per rapporto qualità-prezzo ""rischia"" di essere un grande acquisto.","Ovviamente c'è però sempre da fare i conti con la sua situazione fisica, spesso ha a che fare con qualche acciacco di troppo. Inoltre, occhio alla concorrenza.",ok,,2026-08-30T22:17:40.086243+00:00
7436,Alajbegovic,Juventus,https://www.fantacalcio.it/serie-a/squadre/juventus/alajbegovic/7436,"Fantasista che stuzzica tanto per la propensione al bonus. Di stampo offensivo, è uno che può incidere parecchio anche da subentrato. Per qualità-prezzo è una scommessa davvero molto interessante.","Al primo anno in Serie A, arriva in un contesto preciso e in una squadra con una concorrenza parecchio folta sulla trequarti. Potrebbe non essere super continuo, sotto diversi aspetti.",ok,,2026-08-30T22:17:20.474924+00:00
4892,Saelemaekers,Milan,https://www.fantacalcio.it/serie-a/squadre/milan/saelemaekers/4892,"Avrà sicuramente spazio anche con Amorim, ancor più propositivo rispetto alla scorsa stagione. Può incrementare il bottino di bonus, il tutto ad un prezzo sempre abbordabile.","Abbastanza altalenante, sia in termini di produzione di bonus che di MV. Non è un top, dunque non esagerate in sede d'asta. Non è un inamovibile.",ok,,2026-08-30T22:17:56.558540+00:00
7078,Mastantuono,Fiorentina,https://www.fantacalcio.it/serie-a/squadre/fiorentina/mastantuono/7078,"Si candida per essere una grandissima sorpresa, destinato forse a diventare una certezza. Offensivo, andrà sempre a voto e può portare davvero diversi bonus.","Parliamo di un classe 2007 che a 18 anni arriva per la prima volta in Serie A. Calma, dategli un minimo di tempo. Inoltre, occhio al prezzo, consultate sempre l'FVM.",ok,,2026-08-30T22:17:27.394639+00:00
6372,Moreira,Milan,https://www.fantacalcio.it/serie-a/squadre/milan/moreira/6372,"Ha grandi potenzialità, ma arriva per essere subito protagonista. Abbastanza duttile, troverà sicuramente spazio. Inoltre, non è scontato che sia pagato tanto, anzi, potrebbe essere una buona occasione.","Da capire quale sarà la collocazione tattica, arriva inoltre con aspettative importanti. Al primo anno in Italia dovrà ambientarsi, fino ad oggi non è mai stato una macchina da bonus.",ok,,2026-08-30T22:17:29.536643+00:00
184,Bernardeschi,Bologna,https://www.fantacalcio.it/serie-a/squadre/bologna/bernardeschi/184,"Jolly duttile sulla trequarti, intrigante anche al Mantra. Comprimario dal vizietto del bonus e dal prezzo comunque abbastanza basso.","Concorrenza folta, potrebbe andare spesso a voto anche da subentrato, dunque non di facilissima gestione in sede di formazione. Occhio agli acciacchi.",ok,,2026-08-30T22:18:15.714689+00:00
6844,Rowe,Bologna,https://www.fantacalcio.it/serie-a/squadre/bologna/rowe/6844,"Può consacrarsi con il calcio proposto da Tedesco. Di stampo offensivo, propenso al bonus. Andrà praticamente sempre a voto, può incidere anche da subentrato.","Intriga tanto, dunque occhio al prezzo, potrebbe non essere proprio basso. Seguite l'FVM per non sbagliare. Ancora leggermente discontinuo, occhio alla concorrenza di Cambiaghi.",ok,,2026-08-30T22:17:37.326827+00:00
6151,Perrone,Como,https://www.fantacalcio.it/serie-a/squadre/como/perrone/6151,"Professore del centrocampo, affidabilissimo per rendimento e MV. Vizietto del bonus, il tutto ad un prezzo comunque abbordabile. Al Mantra è un top.","Vizietto del bonus si, ma ovviamente è un centrocampista di stampo difensivo, non proprio un trequartista insomma. Con la Champions potrebbe ruotare più del solito.",ok,,2026-08-30T22:17:52.361021+00:00
2848,Frattesi,Lazio,https://www.fantacalcio.it/serie-a/squadre/lazio/frattesi/2848,"Feeling importante con il gol, incisivo anche da subentrato, ma si candida, finalmente, per essere un titolare inamovibile. Rapporto qualità/prezzo può fare benissimo.","Dovrà rispettare le attese, che non sono basse. Inoltre occhio al prezzo, potrebbe essere alto in diverse leghe, seguite l'FVM per non esagerare.",ok,,2026-08-30T22:18:23.144461+00:00
4220,Zambo Anguissa,Napoli,https://www.fantacalcio.it/serie-a/squadre/napoli/zambo-anguissa/4220,"Se sta bene, può essere un'arma importante. Incline al bonus, potrebbe essere un'occasione in termini di prezzo. Può garantire diverse partite a voto.","La concorrenza in mediana è folta, non è scontato che sia un inamovibile. Tremendamente altalenante e discontinuo, occhio anche ai problemini fisici.",ok,,2026-08-30T22:17:45.258869+00:00
7223,Vergara,Napoli,https://www.fantacalcio.it/serie-a/squadre/napoli/vergara/7223,"Consacratosi nella scorsa stagione, potrebbe avere spazio anche con Allegri. Possibile arma a gara in corso, spesso a voto. Incline al bonus, scommessa dal prezzo molto abbordabile.","Partiamo col dire che non è un inamovibile, tutt'altro. Anzi, parte anche dietro nelle gerarchie. Abbastanza altalenante nel rendimento e nella produzione di bonus.",ok,,2026-08-30T22:18:00.871316+00:00
5589,Konè M.,Roma,https://www.fantacalcio.it/serie-a/squadre/roma/kone-m/5589,"Titolare affidabilissimo e costante. Calciatore di alto livello, dall'ottima media voto. Al Mantra è un top, per qualità-prezzo è un profilo molto interessante.","Nonostante non sia proprio avulso alla manovra offensiva, non porta tantissimi bonus. E' sicuramente la sua pecca principale.",ok,,2026-08-30T22:18:03.284687+00:00
5844,Thorstvedt,Sassuolo,https://www.fantacalcio.it/serie-a/squadre/sassuolo/thorstvedt/5844,"Inamovibile qualora rimanesse, sempre propenso all'inserimento e abbastanza incline al bonus. Per rapporto qualità-prezzo può rappresentare un ottimo acquisto.",Qualche acciacco fisico di troppo l'ha tormentato nella scorsa stagione. Ha chiesto la cessione.,ok,,2026-08-30T22:18:05.732782+00:00
6274,Diouf,Inter,https://www.fantacalcio.it/serie-a/squadre/inter/diouf/6274,"Duttile, sotto l'aspetto fisico può avere un impatto importante. Pronto a racimolare diverse partite a voto, prezzo abbastanza basso. Può incrementare il proprio bottino di bonus.","In fase di non possesso soffre, in termini di MV potrebbe essere più altalenante del previsto.",ok,,2026-08-30T22:18:20.130693+00:00
7070,Sucic P.,Inter,https://www.fantacalcio.it/serie-a/squadre/inter/sucic-p/7070,"Propenso all'inserimento, incline ai bonus. Può racimolare diverse partite a voto, anche da subentrato. Per qualità-prezzo intriga tanto il suo acquisto.","Andrà sempre a voto, ma non possiamo considerarlo un titolare inamovibile. Ancora leggermente discontinuo.",ok,,2026-08-30T22:18:46.047473+00:00
827,Locatelli,Juventus,https://www.fantacalcio.it/serie-a/squadre/juventus/locatelli/827,"Diverse partite a voto, parecchio affidabile in termini di MV, quasi mai insufficiente. Prezzo abbordabilissimo.","Poco propenso al bonus, pochissimi gol. Inoltre non è scontato che sia inamovibile.",ok,,2026-08-30T22:18:48.496436+00:00
5562,Thuram K.,Juventus,https://www.fantacalcio.it/serie-a/squadre/juventus/thuram-k/5562,"Andrà molto spesso a voto, magari anche da subentrato. Affidabile per MV, intriga anche perchè andrà via ad un prezzo abbordabilissimo.","Non proprio propenso al bonus. Inoltre, la concorrenza è folta anche per lui, potrebbe essere meno inamovibile.",ok,,2026-08-30T22:17:54.130281+00:00
5500,Cancellieri,Lazio,https://www.fantacalcio.it/serie-a/squadre/lazio/cancellieri/5500,"Offensivo, può avere ancor più continuità. Gattuso può valorizzarlo non poco, ha un buon bottino di bonus nelle gambe. Per qualità-prezzo intriga molto.",Il ballottaggio con Isaksen è serratissimo e probabilmente ce lo porteremo dietro per tutta la stagione. Ancora leggermente discontinuo.,ok,,2026-08-30T22:18:25.725122+00:00
6398,Isaksen,Lazio,https://www.fantacalcio.it/serie-a/squadre/lazio/isaksen/6398,"Collezionerà diverse presenze, può essere incisivo anche da subentrato. Di stampo offensivo, propenso al bonus. Prezzo interessantissimo.","La sua stagione inizia con un infortunio non lieve che gli farà saltare tutta la preparazione, potrebbe influenzare non poco la sua annata. Ballottaggio con Cancellierri serratissimo.",ok,,2026-08-30T22:18:28.185398+00:00
5878,Colpani,Monza,https://www.fantacalcio.it/serie-a/squadre/monza/colpani/5878,"Ppronto a garantire diverse presenze, anche da subentrato. Di stampo offensivo, qualitativo e incline al bonus. Scommessa intrigante ad un prezzo abbordabile.","Storicamente altalenante, sia nel rendimento che nella produzione di bonus. Occhio dunque, va trattato per il suo valore reale, seguite l’FVM. Non un inamovibile, anzi.",ok,,2026-08-30T22:18:51.128305+00:00
536,Politano,Napoli,https://www.fantacalcio.it/serie-a/squadre/napoli/politano/536,"Andrà sempre a voto, può essere incisivo anche da subentrato. Rapporto qualità-prezzo intrigante.","Negli anni ha arretrato sempre di più il proprio raggio d'azione, non particolarmente propenso al bonus. Potrebbe non essere più inamovibile.",ok,,2026-08-30T22:17:58.854994+00:00
779,Cristante,Roma,https://www.fantacalcio.it/serie-a/squadre/roma/cristante/779,"Costante e affidabile sotto diversi aspetti, sia per minutaggio che per MV. Garantirà molte presenze ad un prezzo abbordabilissimo.","Potrebbe alternarsi più del solito. Un profilo non di stampo offensivo, tutt'altro, poco propenso al bonus.",ok,,2026-08-30T22:18:55.487640+00:00
5735,Volpato,Sassuolo,https://www.fantacalcio.it/serie-a/squadre/sassuolo/volpato/5735,"Rientrerà stabilmente nelle rotazioni offensive, andrà molto spesso a voto, può essere incisivo anche da subentrato. Prezzo abbordabile.","Occhio alla delicatissima situazione extra-campo, potrebbe influenzare non poco la sua stagione.",ok,,2026-08-30T22:18:57.952078+00:00
5888,Casadei,Torino,https://www.fantacalcio.it/serie-a/squadre/torino/casadei/5888,"Potrebbe finalmente sbocciare anche grazie alla filosofia di Abate. Pronto ad inserirsi e a portare qualche gol sparso nel corso della stagione. Rapporto qualità-prezzo può essere un acquisto interessante, titolare.","Occhio alla concorrenza folta, non è scontato che possa essere un titolare inamovibile.",ok,,2026-08-30T22:18:07.614332+00:00
530,Pellegrini Lo.,Roma,https://www.fantacalcio.it/serie-a/squadre/roma/pellegrini-lo/530,"Pronto a racimolare diverse partite a voto, anche da subentrato. Punto di riferimento, sempre affidabile in termini di bonus. Può essere un'occasione in termini di costo.","Abbastanza discontinuo e altalenante, sia in termini di rendimento che a causa di continui acciacchi fisici che spesso si ripresentano. La concorrenza sulla trequarti è folta, si alternerà tanto.",ok,,2026-08-30T22:18:10.134321+00:00
2077,Pasalic,Atalanta,https://www.fantacalcio.it/serie-a/squadre/atalanta/pasalic/2077,"Classica mezzala d'inserimento che può andare a nozze con la filosofia di Sarri. Sempre sottovalutato, intriga per il prezzo (più che abbordabile). Può racimolare diverse presenze.","Almeno ai nastri di partenza non possiamo considerarlo un inamovibile. La concorrenza è tanta, di certo non può essere considerato uno slot alto nel vostro centrocampo.",ok,,2026-08-30T22:18:13.208196+00:00
2765,Odgaard,Bologna,https://www.fantacalcio.it/serie-a/squadre/bologna/odgaard/2765,"Gioca in un ruolo molto valorizzato dal nuovo allenatore. Centrocampista di stampo offensivo, può offrire bottino interessante di bonus, anche da subentrato.","Leggermente discontinuo, non è scontato che sia un inamovibile. La concorrenza è folta, dunque sicuramente non va trattato come un titolarissimo.",ok,,2026-08-30T22:18:35.103862+00:00
4436,Cambiaghi,Bologna,https://www.fantacalcio.it/serie-a/squadre/bologna/cambiaghi/4436,"Sempre molto solido e costante, affidabile in termini di partite a voto. Anche da subentrato può dire la sua, a centrocampo è un acquisto molto interessante, soprattutto per qualità-prezzo.","La concorrenza sulle corsie laterali è folta, potrebbe alternarsi spessissimo. Spesso incappa in qualche acciacco fisico di troppo.",ok,,2026-08-30T22:18:37.443377+00:00
1933,Mandragora,Fiorentina,https://www.fantacalcio.it/serie-a/squadre/fiorentina/mandragora/1933,"Ormai una certezza in termini di bonus, specialmente di gol. Sempre a voto, ha un feeling marcato con il +3. Spesso sottovalutato, il prezzo anche stavolta non sarà alto.","Come ogni anno non mancano però i dubbi sulla sua titolarità. Tra il cambio allenatore, l'età che avanza e la concorrenza folta di certo non lo si può considerare un inamovibile.",ok,,2026-08-30T22:18:18.424204+00:00
7472,Calò,Frosinone,https://www.fantacalcio.it/serie-a/squadre/frosinone/calo/7472,"Profilo chiave nel centrocampo del Frosinone, ha le qualità per essere titolare anche in Serie A. Specialista dei piazzati, anche probabile primo rigorista. Incline al gol nonostante agisca come play. Qualità-prezzo molto intrigante.",Da capire se sarà in grado di confermare il livello visto in Serie B anche nella massima categoria e di imporsi come titolare inamovibile.,ok,,2026-08-30T22:19:14.351047+00:00
4856,Chukwueze,Milan,https://www.fantacalcio.it/serie-a/squadre/milan/chukwueze/4856,"Di stampo offensivo, può racimolare un discreto numero di partite a voto, incisivo anche da subentrato. Prezzo abbastanza basso.","Tremendamente altalenante e discontinuo, sotto diversi aspetti. Parte dietro nelle gerarchie offensive.",ok,,2026-08-30T22:19:24.131985+00:00
4287,Lobotka,Napoli,https://www.fantacalcio.it/serie-a/squadre/napoli/lobotka/4287,"Titolare, andrà quasi sempre a voto. Una garanzia in termini di media voto. Prezzo abbordabilissimo.","Di stampo difensivo, porta pochissimi bonus. Con Allegri inoltre le rotazioni coinvolgeranno anche lui.",ok,,2026-08-30T22:18:53.064381+00:00
6717,Konè I.,Sassuolo,https://www.fantacalcio.it/serie-a/squadre/sassuolo/kone-i/6717,"Se sta bene resta un inamovibile a centrocampo, anche con il vizietto marcato del gol. Andrà via ad un prezzo bassissimo.","Reduce da un infortunio serissimo rimediato al Mondiale, rischia di non rientrare prima del 2027. Inoltre potrebbe impiegare non poco a rientrare in condizione.",ok,,2026-08-30T22:18:30.561415+00:00
7551,Schmid,Frosinone,https://www.fantacalcio.it/serie-a/squadre/frosinone/schmid/7551,"Fantasista molto duttile, che può spaziare ovunque, ma che probabilmente giocherà nel tridente. Offensivo, propenso al bonus e ottimo tiratore (anche dai piazzati). Un acquisto davvero molto intrigante.","Il prezzo potrebbe non essere bassissimo, anzi. Consultate l'FVM per non esagerare. Al primo anno in Italia, potrebbe avere problemi di discontinuità.",ok,,2026-08-30T22:19:00.462502+00:00
7618,Hutchinson,Milan,https://www.fantacalcio.it/serie-a/squadre/milan/hutchinson/7618,,,missing,PRO/CONTRO not found; bytes=54081 title='Omari Hutchinson - Profilo calciatore 2025/26 | Fantacalcio' hasDescrizione=False,2026-09-02T22:20:27.189051+00:00
6833,Mbangula,Bologna,https://www.fantacalcio.it/serie-a/squadre/bologna/mbangula/6833,,,missing,PRO/CONTRO not found; bytes=54248 title='Samuel Mbangula - Profilo calciatore 2025/26 | Fantacalcio' hasDescrizione=False,2026-09-02T22:20:29.043094+00:00
4364,Gaetano,Atalanta,https://www.fantacalcio.it/serie-a/squadre/atalanta/gaetano/4364,"Più costante e affidabile nel ruolo di play, soprattutto in termini di MV. Intriga tanto al Mantra. Ottimo rapporto qualità-prezzo.","Ha arretrato di parecchio il proprio raggio d'azione, ormai molto poco propenso al gol. Non è scontato che sia un inamovibile.",ok,,2026-08-30T22:18:33.225322+00:00
5422,Zalewski,Atalanta,https://www.fantacalcio.it/serie-a/squadre/atalanta/zalewski/5422,"Con Sarri potrebbe agire stabilmente nel tridente, ma resta uno molto duttile. Propositivo, è una scommessa che intriga, soprattutto per caratteristiche. Può sbocciare, inoltre andrà via ad un prezzo abbastanza basso.","La concorrenza è alta, non è scontato che sia titolare, anzi. Inoltre, non è assolutamente detto che possa consacrarsi, fin qui nella sua carriera i bonus non sono mai stati tanti.",ok,,2026-08-30T22:19:46.658926+00:00
5858,Ferguson,Bologna,https://www.fantacalcio.it/serie-a/squadre/bologna/ferguson/5858,"Affidabile sotto diversi aspetti, specialmente in termini di MV. Titolare praticamente indiscusso. Prezzo abbordabile.","Ha arretrato ormai da anni il proprio raggio d'azione, più un equilibratore che un centrocampista di stampo offensivo.",ok,,2026-08-30T22:19:03.142160+00:00
4870,Adopo,Cagliari,https://www.fantacalcio.it/serie-a/squadre/cagliari/adopo/4870,"Affidabile in termini di presenze, spesso a voto anche da subentrato. Prezzo bassissimo.","Più propenso al malus che al bonus, non proprio costante anche in termini di MV. Non inamovibile.",ok,,2026-08-30T22:19:05.760866+00:00
7311,Romano,Cagliari,https://www.fantacalcio.it/serie-a/squadre/cagliari/romano/7311,"Giovane promettente, scommessa intrigante soprattutto al Mantra. Affidabile per MV, andrà via ad un prezzo molto basso. Può racimolare diverse presenze, anche da subentrato.",Almeno in partenza è difficile pensare di considerarlo un inamovibile. Non è un profilo particolarmente propenso al bonus.,ok,,2026-08-30T22:19:08.408677+00:00
4465,Fagioli,Fiorentina,https://www.fantacalcio.it/serie-a/squadre/fiorentina/fagioli/4465,"Affidabilissimo in termini di MV, collezionerà ovviamente tantissime partite a voto. Incline all'assist e dal prezzo parecchio abbordabile.","Ottima copertura, ma di certo non un titolare per le vostre rose. Poco propenso al gol. Inoltre con Oulai potrebbe perdere anche parecchio minutaggio.",ok,,2026-08-30T22:18:40.570889+00:00
6294,Ndour,Fiorentina,https://www.fantacalcio.it/serie-a/squadre/fiorentina/ndour/6294,"Costante, affidabile e pronto a garantire un numero di presenze anche superiore alla scorsa stagione. Con Grosso può inserirsi ancor di più e far male, soprattutto nel gioco aereo. Intriga tanto per qualità-prezzo, specialmente al Mantra.","Anche in questo caso occhio alla concorrenza che, in casa Fiorentina, soprattutto in mediana, è parecchio folta. Potrebbe alternarsi spesso.",ok,,2026-08-30T22:18:42.793325+00:00
5791,Frendrup,Genoa,https://www.fantacalcio.it/serie-a/squadre/genoa/frendrup/5791,"Titolare inamovibile, sempre a voto. Costante e affidabile in termini di MV, prezzo sempre molto abbordabile.","Intriga al Mantra, ma al Classic non può essere più di una semplice copertura. Porta pochissimi bonus.",ok,,2026-08-30T22:19:17.098133+00:00
5685,Koopmeiners,Juventus,https://www.fantacalcio.it/serie-a/squadre/juventus/koopmeiners/5685,"Di stampo offensivo, caratteristiche uniche nel centrocampo della Juve. Può essere valorizzato da Spalletti, andrà via ad un prezzo bassissimo.","Parte comunque dietro nelle gerarchie, in maniera forse anche abbastanza netta. Troppo altalenante nel rendimento nelle ultime stagioni.",ok,,2026-08-30T22:20:44.470336+00:00
4459,Rovella,Lazio,https://www.fantacalcio.it/serie-a/squadre/lazio/rovella/4459,"Collezionerà diverse presenze, anche da subentrato. Affidabilissimo in termini di media voto, prezzo basso.",Il ballottaggio con Cataldi è serratissimo e probabilmente ce lo porteremo dietro per tutta la stagione. Poco propenso al bonus.,ok,,2026-08-30T22:19:19.713777+00:00
5504,Coulibaly L.,Lecce,https://www.fantacalcio.it/serie-a/squadre/lecce/coulibaly-l/5504,"Affidabile e costante in termini di media voto e di minutaggio, con anche il vizietto del bonus. Prezzo basso.",Un minimo di concorrenza c'è e non è da sottovalutare. Non è un calciatore prettamente di stampo offensivo.,ok,,2026-08-30T22:19:22.170051+00:00
6593,Akinsanmiro,Monza,https://www.fantacalcio.it/serie-a/squadre/monza/akinsanmiro/6593,"Centrocampista completo, ma che non disdegna accompagnare la manovra offensiva. Può racimolare un discreto numero di partite a voto, anche da subentrato. Prezzo abbordabilissimo.","Leggermente discontinuo, sia in termini di rendimento che di minutaggio. Non si può di certo definire un inamovibile.",ok,,2026-08-30T22:20:10.699493+00:00
6666,Bernabè,Parma,https://www.fantacalcio.it/serie-a/squadre/parma/bernabe/6666,"Qualitativo, costante e affidabile in chiave MV. Vizietto del bonus, soprattutto assist. Intriga tanto per rapporto qualità-prezzo. Titolarissimo.",Negli ultimi anni ha arretrato di parecchio il proprio raggio d'azione. Incline a qualche problemino fisico di troppo.,ok,,2026-08-30T22:19:29.252473+00:00
6190,Pisilli,Roma,https://www.fantacalcio.it/serie-a/squadre/roma/pisilli/6190,"Entrerà sicuramente nelle rotazioni, racimolando diverse partite a voto, anche a gara in corso. Propenso all'inserimento e con il vizietto del bonus. Prezzo abbordabile.","Parte leggermente dietro nelle gerarchie, non è di certo un inamovibile. La concorrenza è folta. Inoltre è ancora abbastanza altalenante.",ok,,2026-08-30T22:19:31.550241+00:00
6680,Karlstrom,Udinese,https://www.fantacalcio.it/serie-a/squadre/udinese/karlstrom/6680,"Professore del centrocampo. Titolare inamovibile, affidabilissimo in termini di MV e minutaggio. Copertura dal voto fisso e dal prezzo bassissimo.","Prettamente di stampo difensivo, porta davvero pochissimi bonus.",ok,,2026-08-30T22:19:36.796742+00:00
6783,Unai Gomez,Udinese,https://www.fantacalcio.it/serie-a/squadre/udinese/unai-gomez/6783,"Jolly di centrocampo duttile, può racimolare diverse partite a voto grazie a questa sua caratteristica, anche da subentrato. Qualitativo, incline all’assist. E’ una scommessina dal prezzo comunque basso.","Ovviamente la concorrenza è folta, sia in mediana che sulla trequarti. Alla prima esperienza in Serie A dovrà sgomitare non poco, pochi gol per ora.",ok,,2026-08-30T22:19:39.835340+00:00
5946,Sow,Genoa,https://www.fantacalcio.it/serie-a/squadre/genoa/sow/5946,"Pronto a collezionare diverse partite a voto, magari anche da subentrato. E’ uno che garantisce minutaggio e anche una media abbastanza affidabile. Il tutto ad un prezzo parecchio basso.","Di stampo difensivo, non è molto propenso all’ìnserimento e di conseguenza al bonus. Inoltre, la concorrenza resta comunque folta e non è scontato che sia subito un inamovibile.",ok,,2026-08-30T22:19:42.382861+00:00
4479,Elmas,Atalanta,https://www.fantacalcio.it/serie-a/squadre/atalanta/elmas/4479,"Jolly per eccellenza, pronto ad essere un'arma in più zone del campo e anche da subentrato. Prezzo sempre abbastanza abbordabile, incline al bonus.","Jolly si, ma spesso dalla panchina. Anche all'Atalanta dovrebbe diventare un subentrante di lusso. Non di facilissima gestione in sede di formazione.",ok,,2026-08-30T22:19:44.688352+00:00
7619,Monteiro J.,Lecce,https://www.fantacalcio.it/serie-a/squadre/lecce/monteiro-j/7619,,,missing,PRO/CONTRO not found; bytes=54045 title='Joel Monteiro - Profilo calciatore 2025/26 | Fantacalcio' hasDescrizione=False,2026-09-02T22:20:30.908341+00:00
5680,Sarr P.,Juventus,https://www.fantacalcio.it/serie-a/squadre/juventus/sarr-p/5680,,,missing,PRO/CONTRO not found; bytes=54079 title='Pape Matar Sarr - Profilo calciatore 2025/26 | Fantacalcio' hasDescrizione=False,2026-09-02T22:20:32.568675+00:00
5298,Pobega,Bologna,https://www.fantacalcio.it/serie-a/squadre/bologna/pobega/5298,"Garantisce molteplici partite a voto. Completo, con il vizietto del bonus. Prezzo molto basso.","La concorrenza è folta, non è scontato che sia un titolare inamovibile. Giocherà stabilmente nei due di centrocampo.",ok,,2026-08-30T22:19:48.507347+00:00
4260,Winks,Cagliari,https://www.fantacalcio.it/serie-a/squadre/cagliari/winks/4260,"Può garantire diverse partite a voto e una MV parecchio affidabile. Costante nel rendimento, andrà via ad un prezzo comunque abbastanza basso.","Non porta tantissimi bonus. Occhio poi, spesso incline a qualche problemino fisico di troppo.",ok,,2026-08-30T22:19:51.116978+00:00
6010,Fazzini,Cagliari,https://www.fantacalcio.it/serie-a/squadre/cagliari/fazzini/6010,"Potrebbe racimolare un buon numero di partite a voto, anche da subentrato. Propositivo, intriga tanto per rapporto qualità/prezzo.","Parecchio discontinuo, sotto diversi aspetti. Inoltre non è scontato che sia un inamovibile, anzi.",ok,,2026-08-30T22:19:11.381062+00:00
7412,Milla,Como,https://www.fantacalcio.it/serie-a/squadre/como/milla/7412,"Centrocampista qualitativo, parecchio incline all’assist. Affidabilissimo in termini di media voto, può racimolare diverse presenze, anche da subentrato. Prezzo abbordabilissimo.","Si alternerà tanto, ma parte comunque leggermente dietro nelle gerarchie. Diversi assist, ma pochissimi gol.",ok,,2026-08-30T22:19:53.822110+00:00
5036,Caqueret,Como,https://www.fantacalcio.it/serie-a/squadre/como/caqueret/5036,"Duttile, incisivo anche da subentrato, sempre affidabile quando chiamato in causa, specialmente per MV. Spesso sottovalutato, prezzo basso.","Parte dietro nelle gerarchie, non è un inamovibile, anzi. Non porta tantissimi bonus.",ok,,2026-08-30T22:19:55.710613+00:00
6678,Liberali,Como,https://www.fantacalcio.it/serie-a/squadre/como/liberali/6678,"Giovane gioiello dalla grande qualità tecnica, molto incline al bonus. Può essere incisivo anche da subentrato, per qualità-prezzo è una scommessa che intriga tantissimo.","Alla prima vera stagione in Serie A, ci aspettiamo un minimo di discontinuità. Inoltre, almeno ai nastri di partenza, non è un titolarissimo. Dovrebbe alternarsi parecchio.",ok,,2026-08-30T22:19:58.255892+00:00
7464,Oulai,Fiorentina,https://www.fantacalcio.it/serie-a/squadre/fiorentina/oulai/7464,"Calciatore di grande qualità e costanza nonostante la giovanissima età. Può offrire buone garanzie sia in termini di minutaggio, anche da subentrato, che per quanto riguarda la media voto. Prezzo abbastanza abbordabile.","Alla prima esperienza in Serie A, avrà sicuramente bisogno di ambientarsi. La concorrenza è folta e non si può considerare subito un inamovibile. Non proprio un profilo incline al bonus.",ok,,2026-08-30T22:20:01.259941+00:00
5998,Zerbin,Frosinone,https://www.fantacalcio.it/serie-a/squadre/frosinone/zerbin/5998,"Racimolerà un discreto numero di presenze, anche da subentrato. Di stampo offensivo, potrebbe agire parecchio alto. Per qualità-prezzo intriga non poco.","Abbastanza discontinuo, soprattutto in termini di bonus. La concorrenza è folta, lui non è da considerare un inamovibile, almeno in partenza.",ok,,2026-08-30T22:20:31.005032+00:00
6020,Ellertsson,Genoa,https://www.fantacalcio.it/serie-a/squadre/genoa/ellertsson/6020,"Spicca per la sua duttilità, profilo che garantisce sempre un buon numero di presenze, sia da titolare che da subentrato. Prezzo molto basso.","Duttilissimo, ma non possiamo considerarlo un titolare inamovibile. Non proprio un profilo da bonus.",ok,,2026-08-30T22:20:03.812550+00:00
5761,Zhegrova,Juventus,https://www.fantacalcio.it/serie-a/squadre/juventus/zhegrova/5761,Potenzialmente devastante. Può incidere anche da subentrato e ha un gran feeling con il bonus. Può essere un'affare per il prezzo che ci aspettiamo possa essere basso.,"Parecchio discontinuo, anche a causa di continui problemi fisici che lo tormentano ormai da anni. Inoltre la concorrenza è folta e lui parte dietro nelle gerarchie.",ok,,2026-08-30T22:20:05.679223+00:00
6549,Pierotti,Lecce,https://www.fantacalcio.it/serie-a/squadre/lecce/pierotti/6549,"Di stampo offensivo, può regalare qualche bonus ad un prezzo anche abbastanza basso. Spesso a voto.","La concorrenza c'è e non è assolutamente da sottovalutare, anzi. Parecchio discontinuo nel rendimento e anche nella produzione dei bonus.",ok,,2026-08-30T22:20:08.306482+00:00
2741,Pessina,Monza,https://www.fantacalcio.it/serie-a/squadre/monza/pessina/2741,"Sempre un titolare affidabile, da poter chiamare spesso in causa, soprattutto al Mantra. Prezzo abbordabilissimo, rigorista.","Ovviamente occhio sempre agli infortuni, spesso ha a che fare con problemi fisici che influenzano le sue stagioni. Ormai stabilmente nei due di centrocampo.",ok,,2026-08-30T22:19:25.956623+00:00
4349,Nicolussi Caviglia,Parma,https://www.fantacalcio.it/serie-a/squadre/parma/nicolussi-caviglia/4349,"Andrà spessissimo a voto. Grande arma sui piazzati, possono arrivare diversi bonus da li. Prezzo abbordabile, intriga tanto al Mantra.","Non proprio propenso al gol. Incline ai cartellini, inoltre la concorrenza a centrocampo non manca mai. Brutto infortunio durante la pre-season.",ok,,2026-08-30T22:20:13.227612+00:00
2528,Matic,Sassuolo,https://www.fantacalcio.it/serie-a/squadre/sassuolo/matic/2528,"Se sta bene può ancora garantire un discreto numero di presenze, affidabile sotto l'aspetto della MV. Prezzo molto basso.","Porta pochissimi bonus, inoltre con l'età che avanza rischia di giocare sempre qualche partita in meno tra acciacchi vari e concorrenza.",ok,,2026-08-30T22:20:15.263328+00:00
6677,Adzic,Sassuolo,https://www.fantacalcio.it/serie-a/squadre/sassuolo/adzic/6677,"Giovane scommessa che può trovare finalmente continuità. Andrà spesso a voto, anche da subentrato. Incline al bonus, scommessa molto interessante per qualità/prezzo.","Al primo vero possibile anno da protagonista in Serie A. Dovrà faticare per diventare un inamovibile, la concorrenza nel suo ruolo è importante.",ok,,2026-08-30T22:21:02.564422+00:00
7036,Bakola,Sassuolo,https://www.fantacalcio.it/serie-a/squadre/sassuolo/bakola/7036,"Spera di racimolare un discreto numero di partite a voto, può essere incisivo anche da subentrato. Giovane di talento e duttile, scommessa che intriga tanto.","Ancora parecchio discontinuo, specialmente in termini di minutaggio. Acerbo, la concorrenza nel suo ruolo è foltissima.",ok,,2026-08-30T22:21:04.745959+00:00
7060,Cacciamani,Torino,https://www.fantacalcio.it/serie-a/squadre/torino/cacciamani/7060,"Giovane talento esploso nella scorsa stagione di B proprio con Abate. Può essere la grande sorpresa dei granata, pronto a racimolare tante partite a voto e a fornire anche qualche bonus. Intriga tanto ovviamente anche per il prezzo che non dovrebbe essere altissimo.","Sarà alla prima stagione da protagonista in Serie A, dunque potrebbe risentire ovviamente del cambio di categoria nel corso dell’annata. Non è scontato che sia subito costante e continuo.",ok,,2026-08-30T22:21:06.790119+00:00
6218,Oristanio,Torino,https://www.fantacalcio.it/serie-a/squadre/torino/oristanio/6218,"E' ciò che mancava al Torino, la fantasia sulla trequarti. Avrà continuità, vizio del bonus e pericoloso anche da piazzato. Per qualità-prezzo è una bella scommessa.","Si è dimostrato parecchio altalenante negli ultimi anni, sia in termini di produzione bonus che di minutaggio. Occhio anche ai problemini fisici.",ok,,2026-08-30T22:19:33.732366+00:00
7198,Piotrowski,Udinese,https://www.fantacalcio.it/serie-a/squadre/udinese/piotrowski/7198,"Può collezionare diverse partite a voto, anche da subentrato. Garantisce un discreto minutaggio ad un prezzo veramente molto basso.","Non possiamo considerarlo un inamovibile, la concorrenza in mediana è folta e lui si alternerà spesso. Non porta tantissimi bonus.",ok,,2026-08-30T22:21:10.697087+00:00
5674,Basic,Venezia,https://www.fantacalcio.it/serie-a/squadre/venezia/basic/5674,"Inamovibile, propenso all'inserimento e incline al bonus. Rapporto qualità-prezzo può essere molto interessante.",Deve ambientarsi in una nuova realtà ed entrare nei meccanismi. Gioca in una squadra che lotterà per non retrocede e ciò ovviamente influirà sul suo rendimento.,ok,,2026-08-30T22:20:19.074668+00:00
7146,Tourè I.,Monza,https://www.fantacalcio.it/serie-a/squadre/monza/toure-i/7146,"Prezzo basso, ma andrà spesso a voto, probabilmente anche in mezzo dove può essere più propenso ad inserimenti centrali. Buona copertura low cost.","Non porta tanti bonus, anzi. Inoltre, con il rientro di Pessina e con Folorunsho e Akinsanmiro non è scontato che sia un inamovibile.",ok,,2026-08-30T22:20:21.683702+00:00
7624,Braganca,Torino,https://www.fantacalcio.it/serie-a/squadre/torino/braganca/7624,,,missing,PRO/CONTRO not found; bytes=53999 title='Daniel Braganca - Profilo calciatore 2025/26 | Fantacalcio' hasDescrizione=False,2026-09-02T22:20:34.303076+00:00
7528,Amondarain,Bologna,https://www.fantacalcio.it/serie-a/squadre/bologna/amondarain/7528,"Può offrire importanti garanzie in termini di MV, ma allo stesso tempo anche di minutaggio. Spesso a voto, anche da subentrato. Andrà via ad un prezzo abbastanza basso. Calciatore qualitativo.","Non proprio di stampo offensivo, alla prima esperienza in Europa, potrebbe impiegare un po’ di tempo per ambientarsi definitivamente. Almeno ai nastri di partenza non è da considerarsi un inamovibile.",ok,,2026-08-30T22:20:23.469756+00:00
6640,Felici,Cagliari,https://www.fantacalcio.it/serie-a/squadre/cagliari/felici/6640,"Propositivo e duttile, parecchio incline soprattutto all'assist. Profilo che può incidere anche da subentrato, prezzo basso.","La concorrenza è folta, non si può considerare un inamovibile. Parecchio altalenante nel rendimento.",ok,,2026-08-30T22:20:26.111268+00:00
7409,Meichtry,Genoa,https://www.fantacalcio.it/serie-a/squadre/genoa/meichtry/7409,"Incline al bonus, soprattutto il +3. Fisicamente può avere un buon impatto, pronto a racimolare diverse presenze, anche da subentrato. Scommessa che intriga tanto per qualità-prezzo, da tenere d’occhio.","Giovane, dovrà comunque ambientarsi e ciò potrebbe richiedere tempo. Duttile, ma leggermente dietro nelle gerarchie sia a centrocampo che sull’esterno. Ancora un po’ discontinuo.",ok,,2026-08-30T22:20:36.970499+00:00
5301,Luis Henrique,Inter,https://www.fantacalcio.it/serie-a/squadre/inter/luis-henrique/5301,"Di stampo offensivo, incisivo anche da subentrato. Può garantire diverse presenze anche a gara in corso. Prezzo abbordabilissimo.",Abbastanza altalenante e discontinuo nel rendimento e nei bonus. Inoltre la concorrenza è folta e lui non può essere considerato un inamovibile.,ok,,2026-08-30T22:21:45.613117+00:00
6629,Dele-Bashiru,Lazio,https://www.fantacalcio.it/serie-a/squadre/lazio/dele-bashiru/6629,"Andrà spessissimo a voto, anche da subentrato. Può incrementare il bottino di bonus con Gattuso in panchina. Rapporto qualità-prezzo è da tenere d'occhio.","La concorrenza non manca, non è assolutamente scontato che sia un titolarissimo. Abbastanza altalenante nel rendimento.",ok,,2026-08-30T22:20:46.429258+00:00
7203,Jashari,Milan,https://www.fantacalcio.it/serie-a/squadre/milan/jashari/7203,"Potrebbe essere valorizzato da Amorim. Può racimolare diverse partite a voto, anche da subentrato. Incline all'assist, rapporto qualità-prezzo molto interessante.","La concorrenza in mediana è foltissima, lui di certo non parte più avanti di tutti nelle gerarchie. Si alternerà tanto, inoltre segna poco.",ok,,2026-08-30T22:20:57.523679+00:00
6898,Keita M.,Parma,https://www.fantacalcio.it/serie-a/squadre/parma/keita-m/6898,"Può racimolare diverse partite a voto, soprattutto da titolare. Andrà via ad un prezzo abbastanza basso.","Tanti voti, ma porta davvero pochissimi bonus. Occhio ai cartellini.",ok,,2026-08-30T22:20:59.323209+00:00
7535,Fitz-Jim,Torino,https://www.fantacalcio.it/serie-a/squadre/torino/fitz-jim/7535,"Centrocampista di qualità, affidabile per MV che può trovare spazio nelle rotazioni, anche da subentrato. Intriga soprattutto per il prezzo che sarà molto basso.","La concorrenza in casa Torino non manca di certo, anzi. Non è assolutamente detto che sia titolare, inoltre non porta tantissimi bonus.",ok,,2026-08-30T22:22:09.681651+00:00
6170,Gineitis,Torino,https://www.fantacalcio.it/serie-a/squadre/torino/gineitis/6170,"Potrebbe rientrare stabilmente nelle rotazioni in mediana, andando a racimolare diverse partite a voto. Andrà via sicuramente ad un prezzo molto basso.","Di stampo difensivo, porta davvero pochissimi bonus. Poi non è assolutamente scontato che sia un titolare inamovibile.",ok,,2026-08-30T22:20:17.287189+00:00
5507,Busio,Venezia,https://www.fantacalcio.it/serie-a/squadre/venezia/busio/5507,"Centrocampista affidabile sotto diversi aspetti, specialmente in termini di MV e di minutaggio. Un titolarissimo che andrà via ad un prezzo anche abbastanza basso.","Negli anni ha arretrato di parecchio il proprio raggio d’azione, sempre più difensivo e meno propenso al bonus e al gol ancor di più.",ok,,2026-08-30T22:21:13.358932+00:00
5319,Sohm,Venezia,https://www.fantacalcio.it/serie-a/squadre/venezia/sohm/5319,"Può trovare spazio con la nuova maglia, anche da subentrato. Si inserisce tanto e qualche bonus può offrirlo. Prezzo molto basso.","Concorrenza parecchio folta, ai nastri di partenza non si può considerarlo proprio un titolarissimo. Discontinuo per MV.",ok,,2026-08-30T22:21:16.354763+00:00
6994,Perez K.,Venezia,https://www.fantacalcio.it/serie-a/squadre/venezia/perez-k/6994,"Elemento di grande qualità, affidabile sia in termini di media voto che di minutaggio, andrà praticamente sempre a voto. Incline all’assist, intriga tanto per rapporto qualità-prezzo.","Leggermente discontinuo, non è proprio un profilo da gol. Se vi aspettate un centrocampista dal +3 facile, meglio virare su un altro tipo di calciatore.",ok,,2026-08-30T22:21:18.580060+00:00
6618,Cissè A.,Milan,https://www.fantacalcio.it/serie-a/squadre/milan/cisse-a/6618,"Potrebbe andare spesso a voto, anche a gara in corso. Può incidere, per caratteristiche, anche da subentrato. Duttile, fantasioso e soprattutto scommessa da pochi crediti.","Giovanissimo, ancora leggermente discontinuo, sotto diversi aspetti. Concorrenza parecchio folta in avanti, rischia di partire raramente da titolare.",ok,,2026-08-30T22:21:22.977119+00:00
22,De Roon,Atalanta,https://www.fantacalcio.it/serie-a/squadre/atalanta/de-roon/22,"Equilibratore affidabile in termini di media voto, pochi malus. Può garantire diverse presenze come al solito.","Porta pochissimi bonus, avrà compiti ancor più difensivi con il nuovo allenatore. Rosa Roma Svilar De Marzi Gollini Molina N. Wesley Mancini N'Dicka Hermoso Koulierakis Balerdi Rensch Ghilardi Angelino Ziolkowski Lulli Mora Konè M. Pellegrini Lo. Cristante Pisilli De Roon El Aynaoui Malen Dybala Castro S. Soulè Vaz",ok,,2026-08-30T22:21:25.580035+00:00
6054,Moro N.,Bologna,https://www.fantacalcio.it/serie-a/squadre/bologna/moro-n/6054,"Profilo affidabile in termini di MV, può racimolare diverse partite a voto. Prezzo bassissimo.","Non è un inamovibile, anzi. Parte dietro nelle gerarchie, porta pochi bonus.",ok,,2026-08-30T22:21:27.664094+00:00
6895,Dominguez B.,Sassuolo,https://www.fantacalcio.it/serie-a/squadre/sassuolo/dominguez-b/6895,"Capace di incidere anche da subentrato. Scommessina intrigante per gli ultimi slot, andrà via ad un prezzo bassissimo.",Parte dietro nelle gerarchie rispetto agli altri esterni. Ancora discontinuo nel rendimento e nel minutaggio.,ok,,2026-08-30T22:21:29.430583+00:00
7127,Addai,Como,https://www.fantacalcio.it/serie-a/squadre/como/addai/7127,"Di stampo offensivo, praticamente sempre a voto. Incisivo anche da subentrato, scommessa dal prezzo abbordabile.","Spesso risulta fumoso, non proprio un bomber di razza insomma. Inoltre, di certo non parliamo di un inamovibile.",ok,,2026-08-30T22:20:28.418063+00:00
6206,Fabbian,Parma,https://www.fantacalcio.it/serie-a/squadre/parma/fabbian/6206,"Mezzala di stampo offensivo, molto dedita all'inserimento. Entrerà stabilmente nelle rotazioni, spesso da titolare, ottimo feeling con il gol. Forte di testa.",Sarà ovviamente da alternare in base al calendario. Altalenante in termini di media voto.,ok,,2026-08-30T22:21:33.470594+00:00
7473,Cichella,Frosinone,https://www.fantacalcio.it/serie-a/squadre/frosinone/cichella/7473,"Potrebbe racimolare un buon numero di presenze, anche da subentrato. Abbastanza affidabile in termini di MV, prezzo veramente basso,","Di stampo prettamente difensivo, poco propenso al bonus. Inoltre, occhio alla concorrenza, il livello sale e non è scontato che sia un inamovibile.",ok,,2026-08-30T22:21:36.072206+00:00
7474,Koutsoupias,Frosinone,https://www.fantacalcio.it/serie-a/squadre/frosinone/koutsoupias/7474,"Può collezionare diverse presenze, sia da titolare che da subentrato. Si inserisce tantissimo e ha un buon feeling con il gol. Scommessa molto intrigante per qualità-prezzo, soprattutto sotto l’aspetto dei bonus.",Non è mai facile confermarsi agli stessi livelli quando c’è il famoso salto di categoria. Inoltre la concorrenza non manca e di conseguenza non è assolutamente scontato che sia un inamovibile anche in Serie A.,ok,,2026-08-30T22:21:39.111649+00:00
6506,Fini ,Frosinone,https://www.fantacalcio.it/serie-a/squadre/frosinone/fini/6506,"Può racimolare un discreto numero di partite a voto, incisivo anche a gara in corso. Andrà via ad un prezzo anche abbastanza basso.","Discontinuo, alla prima vera annata intera in Serie A. Non proprio un bomber di razza, anzi. Inoltre non è scontato che sia un inamovibile.",ok,,2026-08-30T22:21:41.013479+00:00
7341,Amorim,Genoa,https://www.fantacalcio.it/serie-a/squadre/genoa/amorim/7341,"Può racimolare diverse partite a voto, anche da subentrato. Costante nella MV, prezzo abbastanza basso.","Porta pochi bonus, non proprio propenso al gol. Non è un inamovibile, si alternerà spesso.",ok,,2026-08-30T22:20:34.180958+00:00
4970,Messias,Genoa,https://www.fantacalcio.it/serie-a/squadre/genoa/messias/4970,"Può racimolare un minimo di presenze, anche da subentrato. Vizietto del bonus che resta, prezzo probabilmente molto basso.","L'età avanza e tra concorrenze e qualche acciacco fisico di troppo rischia di giocare poco, quasi mai da titolare.",ok,,2026-08-30T22:21:43.228126+00:00
2857,Traorè Hj.,Genoa,https://www.fantacalcio.it/serie-a/squadre/genoa/traore-hj/2857,"Può racimolare un discreto numero di partite a voto, anche a gara in corso. Propositivo, incline al bonus e incisivo anche da subentrato. Intriga sicuramente per qualità-prezzo.","Non è scontato che sia un inamovibile, anzi, la concorrenza sulla trequarti è folta. Parecchio discontinuo, spesso incline anche a qualche problemino fisico di troppo.",ok,,2026-08-30T22:20:40.026999+00:00
2529,Mkhitaryan,Inter,https://www.fantacalcio.it/serie-a/squadre/inter/mkhitaryan/2529,"Esperto, affidabile quando chiamato in causa. Pronto a racimolare comunque diverse presenze. Il prezzo non sarà altissimo.","L'età avanza, la concorrenza è folta e gli acciacchi fisici non mancano. Non è più un inamovibile come un tempo.",ok,,2026-08-30T22:20:42.459685+00:00
4911,Douglas Luiz,Juventus,https://www.fantacalcio.it/serie-a/squadre/juventus/douglas-luiz/4911,"Potrebbe essere rivalutato da Spalletti e a quel punto spera di racimolare qualche presenza, anche da subentrato. Prezzo molto basso.","Altalenante e discontinuo nel rendimento, inoltre parte comunque dietro nelle gerarchie.",ok,,2026-08-30T22:21:47.591027+00:00
333,Cataldi,Lazio,https://www.fantacalcio.it/serie-a/squadre/lazio/cataldi/333,"Collezionerà diverse presenze, specialista dei piazzati, anche possibile rigorista. Affidabile, prezzo abbordabilissimo.",Il ballottaggio con Rovella è serratissimo e probabilmente ce lo porteremo dietro per tutta la stagione.,ok,,2026-08-30T22:21:49.589646+00:00
7322,Ngom,Lecce,https://www.fantacalcio.it/serie-a/squadre/lecce/ngom/7322,"Può collezionare diverse partite a voto, anche da subentrato. Affidabile in termini di MV, andrà via sicuramente al prezzo minimo.",Molto più propenso al malus che al bonus.,ok,,2026-08-30T22:21:51.778397+00:00
6015,Berisha M.,Lecce,https://www.fantacalcio.it/serie-a/squadre/lecce/berisha-m/6015,"Qualitativo e incline al bonus, sia gol che assist. Può andare spesso a voto, anche da subentrato. Rapporto qualità-prezzo è un acquisto molto interessante.","Ancora altalenante in termini di rendimento, anche a causa di alcuni problemi fisici che spesso si ripresentano nel corso delle sue stagioni.",ok,,2026-08-30T22:20:49.426876+00:00
7318,Gandelman,Lecce,https://www.fantacalcio.it/serie-a/squadre/lecce/gandelman/7318,"Può racimolare diverse partite a voto, anche da subentrato. Incisivo e determinante negli inserimenti e nei colpi di testa, incline al bonus. Prezzo abbordabilissimo.","La concorrenza non manca, anzi, lui parte leggermente dietro nelle gerarchie.",ok,,2026-08-30T22:20:52.159680+00:00
5453,Ricci S.,Como,https://www.fantacalcio.it/serie-a/squadre/como/ricci-s/5453,"Può incrementare il proprio numero di partite a voto. Affidabile e costante in termini di MV, prezzo molto basso.","Non è assodato che sia un titolare inamovibile, anzi, la concorrenza è folta. Poco propenso al bonus.",ok,,2026-08-30T22:21:55.217592+00:00
4199,Loftus-Cheek,Milan,https://www.fantacalcio.it/serie-a/squadre/milan/loftus-cheek/4199,"Completo, propenso all'inserimento. Può racimolare diverse partite a voto, anche da subentrato. Andrà sicuramente via ad un prezzo basso.","Altalenante, anche a causa di qualche problema fisico di troppo che spesso influenza le sue stagioni. Concorrenza foltissima in mediana, parte leggermente dietro nelle gerarchie.",ok,,2026-08-30T22:21:57.905124+00:00
6252,Folorunsho,Monza,https://www.fantacalcio.it/serie-a/squadre/monza/folorunsho/6252,"Incline al bonus, racimolerà diverse partite a voto, anche da subentrato. Prezzo abbordabile, parecchio incline al bonus.","Non è scontato che sia un inamovibile, anche nonostante il cambio maglia. Abbastanza altalenante.",ok,,2026-08-30T22:22:00.514260+00:00
6207,Almqvist,Parma,https://www.fantacalcio.it/serie-a/squadre/parma/almqvist/6207,"Può racimolare diverse partite a voto, incisivo anche a gara in corso. Propositivo, andrà via ad un prezzo molto basso.","Fumoso, non riesce mai a portare tanti bonus. Altalenante, anche in termini di minutaggio. La concorrenza è folta.",ok,,2026-08-30T22:22:03.003493+00:00
6005,Ilkhan,Torino,https://www.fantacalcio.it/serie-a/squadre/torino/ilkhan/6005,"Potrebbe rientrare stabilmente nelle rotazioni in mediana, pronto a racimolare un discreto numero di partite a voto, anche da subentrato. Prezzo molto basso.","Non possiamo di certo considerarlo un titolare inamovibile, la concorrenza è abbastanza folta. Non porta tantissimi bonus.",ok,,2026-08-30T22:22:11.579153+00:00
6827,Njie,Torino,https://www.fantacalcio.it/serie-a/squadre/torino/njie/6827,"Acquisto importante, ci aspettiamo possa essere protagonista. Andrà spesso a voto, incisivo anche da subentrato. Per qualità-prezzo intriga parecchio.","E' ancora parecchio altalenante, sotto diversi aspetti. Non è scontato che diventi fin da subito un inamovibile. Rosa Fiorentina De Gea Christensen O. Lezzerini Dodò Jimenez A. Dragusin Valdepenas Viery Parisi Pongracic Ranieri L. Joao Mario Atta Gudmundsson A. Mastantuono Mandragora Fagioli Ndour Oulai Njie Brescianini Kean Pellegrino M.",ok,,2026-08-30T22:21:08.616871+00:00
7208,Miller L.,Udinese,https://www.fantacalcio.it/serie-a/squadre/udinese/miller-l/7208,"Rientrerà stabilmente nelle rotazioni in mediana, andando a voto spesso, anche da subentrato. Affidabile in termini di MV, prezzo molto basso.","Non un inamovibile, si alternerà comunque tanto. Non proprio un profilo propenso al bonus.",ok,,2026-08-30T22:22:14.214949+00:00
7550,Grillitsch,Frosinone,https://www.fantacalcio.it/serie-a/squadre/frosinone/grillitsch/7550,"Centrocampista d'esperienza, incline all'assist e dalla MV affidabile e regolare. Andrà via ad un prezzo abbordabilissimo.","Qualche acciacco di troppo nell'ultimo periodo, inoltre non è proprio un centrocampista incline al gol. Ballottaggio serrato.",ok,,2026-08-30T22:21:21.168215+00:00
7579,Massolin,Cagliari,https://www.fantacalcio.it/serie-a/squadre/cagliari/massolin/7579,,,missing,PRO/CONTRO not found; bytes=54060 title='Yanis Massolin - Profilo calciatore 2025/26 | Fantacalcio' hasDescrizione=False,2026-09-02T22:20:36.166942+00:00
6024,Sulemana I.,Atalanta,https://www.fantacalcio.it/serie-a/squadre/atalanta/sulemana-i/6024,"Può racimolare qualche partita a voto, andrà via quasi sicuramente al prezzo minimo.","Porta pochi bonus, inoltre parte dietro nelle gerarchie. Di stampo difensivo, occhio ai malus.",ok,,2026-08-30T22:22:16.578128+00:00
1871,Deiola,Cagliari,https://www.fantacalcio.it/serie-a/squadre/cagliari/deiola/1871,"Sempre affidabile quando chiamato in causa, anche incline al bonus. Prezzo sempre molto basso.","L'età avanza, tra acciacchi e concorrenza non è più un titolare fisso. Potrebbero essere diversi gli SV.",ok,,2026-08-30T22:21:31.423193+00:00
4947,Brescianini,Fiorentina,https://www.fantacalcio.it/serie-a/squadre/fiorentina/brescianini/4947,"Entrerà stabilmente nelle rotazioni, sempre a voto. Completo, ma comunque propenso al bonus e agli inserimenti. Prezzo abbordabile.","La concorrenza in mediana è parecchio folta, si alternerà costantemente. Non possiamo considerarlo un inamovibile.",ok,,2026-08-30T22:22:19.187581+00:00
6241,Gelli F.,Frosinone,https://www.fantacalcio.it/serie-a/squadre/frosinone/gelli-f/6241,"Potrebbe entrare stabilmente nelle rotazioni in mediana, anche da subentrato. Diverse partite a voto ad un prezzo probabilmente molto basso.","Potrebbe faticare in termini di continuità in Serie A, sia sotto l’aspetto del minutaggio che del rendimento. Non proprio propenso al bonus.",ok,,2026-08-30T22:22:21.273451+00:00
6917,Masini,Frosinone,https://www.fantacalcio.it/serie-a/squadre/frosinone/masini/6917,"Può racimolare diverse presenze, anche da subentrato. Andrà via probabilmente al prezzo minimo.","Di stampo prettamente difensivo, porta pochissimi bonus. Inoltre, non sembrerebbe essere un titolare inamovibile, almeno ai nastri di partenza.",ok,,2026-08-30T22:22:25.817541+00:00
6503,Stankovic A.,Inter,https://www.fantacalcio.it/serie-a/squadre/inter/stankovic-a/6503,"Spera di racimolare un minimo di partite a voto, magari anche da subentrato. Andrà via ad un prezzo basso, ma le qualità non mancano.","Giovanissimo, rischia di collezionare davvero tantissimi SV. Inoltre, non è un profilo dai tantissimi bonus in canna.",ok,,2026-08-30T22:22:27.518424+00:00
7248,Gorter,Lecce,https://www.fantacalcio.it/serie-a/squadre/lecce/gorter/7248,"Giovane di talento, qualitativo e affidabile quando chiamato in causa. Può essere valorizzato nella prossima stagione, andrà via al prezzo minimo.","Di stampo difensivo, poco propenso al bonus. Parte dietro nelle gerarchie, rischia di collezionare poche presenze.",ok,,2026-08-30T22:22:29.964218+00:00
5457,Maleh,Lecce,https://www.fantacalcio.it/serie-a/squadre/lecce/maleh/5457,"Potrebbe racimolare diverse presenze, anche da subentrato. Andrà via ad un prezzo parecchio basso.","Parte dietro nelle gerarchie, non è minimamente propenso al bonus. Parecchio incline al malus.",ok,,2026-08-30T22:22:32.251022+00:00
5295,Musah,Milan,https://www.fantacalcio.it/serie-a/squadre/milan/musah/5295,"Duttile, può spaziare praticamente in tutti i ruoli del centrocampo. Può tornare utile anche da subentrato.","Porta pochissimi bonus, inoltre parte comunque dietro nelle gerarchie.",ok,,2026-08-30T22:22:34.755580+00:00
7477,Colombo L.,Monza,https://www.fantacalcio.it/serie-a/squadre/monza/colombo-l/7477,"Giovane di talento che potrebbe racimolare comunque diverse presenze, anche da subentrato. Andrà via quasi sicuramente ad un prezzo molto basso.","Non porta tantissimi bonus, anzi. Inoltre la gerarchia è folta e lui non si può di certo considerare un inamovibile.",ok,,2026-08-30T22:22:37.305342+00:00
5131,Gilmour,Napoli,https://www.fantacalcio.it/serie-a/squadre/napoli/gilmour/5131,"Può racimolare un discreto numero di partite a voto, anche da subentrato. Costante e affidabile per MV, prezzo molto basso.","Dietro nelle gerarchie rispetto a Lobotka ai nastri di partenza. Poco propenso al bonus, incline invece ai problemini fisici.",ok,,2026-08-30T22:22:39.375823+00:00
7138,Ordonez C.,Parma,https://www.fantacalcio.it/serie-a/squadre/parma/ordonez-c/7138,Spera di rientrare stabilmente nelle rotazioni in mediana. Andrà via ad un prezzo molto basso.,"Non proprio propenso al bonus, inoltre non è proprio un inamovibile.",ok,,2026-08-30T22:22:42.151699+00:00
7536,Diallo O.,Parma,https://www.fantacalcio.it/serie-a/squadre/parma/diallo-o/7536,"Giovane gioiello, promettente e di stampo offensivo. Può dare una grossa mano in termini di fantasia offensiva al Parma. Per qualità-prezzo è una scommessina davvero molto intrigante.","Giovanissimo, alla prima esperienza in un campionato come la Serie A, potrebbe faticare, soprattutto all’inizio. Potrebbe non essere particolarmente continuo in termini di minutaggio.",ok,,2026-08-30T22:22:05.505423+00:00
7183,Aboukhlal,Torino,https://www.fantacalcio.it/serie-a/squadre/torino/aboukhlal/7183,"Spera di racimolare un discreto numero di presenze, magari anche a gara in corso. Incisivo anche da subentrato, duttile e con il vizietto del bonus. Andrà via ad un prezzo molto basso.","Non possiamo assolutamente considerarlo un titolare, occhio dunque perchè potrebbero non mancare gli SV. Parecchio altalenante nel rendimento.",ok,,2026-08-30T22:22:46.892396+00:00
5872,Helgason,Venezia,https://www.fantacalcio.it/serie-a/squadre/venezia/helgason/5872,"Calciatore di qualità, estroso e incline al bonus. Può racimolare diverse partite a voto, essendo incisivo anche a gara in corso. Andrà via molto probabilmente ad un prezzo molto basso.","Parecchio discontinuo nel rendimento e nella produzione dei bonus. Inoltre, non parte avanti nelle gerarchie, anzi.",ok,,2026-08-30T22:22:49.915028+00:00
801,Gagliardini,Cagliari,https://www.fantacalcio.it/serie-a/squadre/cagliari/gagliardini/801,,,missing,PRO/CONTRO not found; bytes=229627 title='Roberto Gagliardini - Profilo calciatore 2025/26 | Fantacalcio' hasDescrizione=False,2026-09-02T22:20:38.111180+00:00
7232,Fernandez T.,Venezia,https://www.fantacalcio.it/serie-a/squadre/venezia/fernandez-t/7232,,,missing,PRO/CONTRO not found; bytes=54083 title='Toni Fernandez - Profilo calciatore 2025/26 | Fantacalcio' hasDescrizione=False,2026-09-02T22:20:39.957822+00:00
6225,El Azzouzi O.,Bologna,https://www.fantacalcio.it/serie-a/squadre/bologna/el-azzouzi-o/6225,"Potrebbe rendersi utile nel corso della stagione, anche a gara in corso. Andrà sicuramente via ad un prezzo molto basso.","Parte comunque dietro nelle gerarchie, non proprio un profilo di stampo difensivo.",ok,,2026-08-30T22:22:52.560819+00:00
6815,Fadera,Cagliari,https://www.fantacalcio.it/serie-a/squadre/cagliari/fadera/6815,"Potrebbe rientrare stabilmente nelle rotazioni offensive, arma sicuramente molto importante anche a gara in corso. Andrà via ad un prezzo molto basso.","Non proprio un gran dispensatore di bonus. Non scontato che sia un inamovibile, parecchio discontinuo sotto diversi aspetti.",ok,,2026-08-30T22:22:55.306431+00:00
6903,Hasa,Frosinone,https://www.fantacalcio.it/serie-a/squadre/frosinone/hasa/6903,"Racimolerà un discreto numero di presenze, anche da subentrato. Sicuramente affidabile in termini di media voto. Andrà via ad un prezzo parecchio basso.","Non parte avanti nelle gerarchie, tutt’altro. Alla prima vera esperienza in Serie A, potrebbe non avere grande continuità, soprattutto in termini di minutaggio. Poco propenso al bonus.",ok,,2026-08-30T22:22:23.180790+00:00
6980,Venturino,Genoa,https://www.fantacalcio.it/serie-a/squadre/genoa/venturino/6980,"Grande talento, di stampo offensivo e propenso al bonus. Può racimolare un minimo di partite a voto e incidere anche da subentrato. Prezzo molto basso","Si alternerà, non possiamo considerarlo di certo un inamovibile, tutt'altro. Ancora leggermente discontinuo.",ok,,2026-08-30T22:22:57.107455+00:00
6191,Belahyane,Lazio,https://www.fantacalcio.it/serie-a/squadre/lazio/belahyane/6191,"Spera di racimolare un minimo di presenze, anche da subentrato. Andrà via ad un prezzo basso. affidabile in termini di MV.","Abbastanza dietro nelle gerarchie. Al Fanta è un profilo poco interessante, molto più propenso ai malus che ai bonus.",ok,,2026-08-30T22:23:24.197835+00:00
5880,Ciurria,Monza,https://www.fantacalcio.it/serie-a/squadre/monza/ciurria/5880,"Ormai un esperto della categoria, può confezionare diverse presenze, incisivo anche da subentrato. Incline all’assist, prezzo molto basso.","Segna poco, inoltre tra l’età che avanza, qualche acciacco di troppo e la concorrenza folta, potrebbe giocare sempre meno.",ok,,2026-08-30T22:22:59.595321+00:00
7276,Cremaschi,Parma,https://www.fantacalcio.it/serie-a/squadre/parma/cremaschi/7276,"Duttile, di stampo offensivo. Spera di racimolare un minimo di presenze anche da subentrato. Andrà via ad un prezzo molto basso.","Altalenante, sia per rendimento che per minutaggio. Non si può assolutamente considerare un inamovibile.",ok,,2026-08-30T22:23:34.090257+00:00
6219,Boloca,Sassuolo,https://www.fantacalcio.it/serie-a/squadre/sassuolo/boloca/6219,"Può rientrare stabilmente nelle rotazioni in mediana, anche da subentrato. Affidabile in termini di MV, andrà via ad un prezzo bassissimo.",La concorrenza è folta e lui non è scontato che sia un inamovibile. Inoltre è molto più propenso ai malus che ai bonus.,ok,,2026-08-30T22:23:01.708610+00:00
6246,Lipani,Sassuolo,https://www.fantacalcio.it/serie-a/squadre/sassuolo/lipani/6246,"Rientrerà abbastanza stabilmente nelle rotazioni, andando a voto magari anche da subentrato. Prezzo molto basso.","Abbastanza altalenante, anche in termini di minutaggio. La concorrenza non manca, potrebbe collezionare più di un SV.",ok,,2026-08-30T22:23:04.247874+00:00
6212,Zarraga,Udinese,https://www.fantacalcio.it/serie-a/squadre/udinese/zarraga/6212,"Spera di racimolare un minimo di partite a voto, anche da subentrato. Andrà via probabilmente ad un prezzo molto basso.",Non proprio continuo in termini di rendimento e ovviamente anche per quanto concerne il minutaggio. Parte dietro nelle gerarchie e inoltre porta pochi bonus.,ok,,2026-08-30T22:23:44.673187+00:00
7418,Chakvetadze,Udinese,https://www.fantacalcio.it/serie-a/squadre/udinese/chakvetadze/7418,"Di stampo offensivo, può regalare qualche bonus ed un discreto numero di partite a voto. Incisivo anche da subentrato, andrà via probabilmente ad un prezzo abbastanza basso.","Non poco discontinuo, sia nel rendimento che nella produzione dei bonus. Parte comunque dietro nelle gerarchie, potrebbe non giocare spessissimo da titolare.",ok,,2026-08-30T22:23:06.902853+00:00
526,Duncan,Venezia,https://www.fantacalcio.it/serie-a/squadre/venezia/duncan/526,"Esperto della categoria, può garantire un buon numero di partite a voto, anche da subentrato. Abbastanza affidabile anche per MV, prezzo basso.","Non è più inamovibile come un tempo, parte leggermente dietro nelle gerarchie. Inoltre non è proprio un profilo da bonus.",ok,,2026-08-30T22:23:10.172544+00:00
6592,Forson O.,Monza,https://www.fantacalcio.it/serie-a/squadre/monza/forson-o/6592,"Ottima opzione sulla trequarti per Juric, può essere incisivo anche da subentrato. Duttile, incline al bonus, di stampo offensivo. Scommessa che andrà via ad un prezzo molto basso.","Parte leggermente dietro nelle gerarchie, rischia di andare a voto spesso da subentrato, di difficile gestione in sede di formazione.",ok,,2026-08-30T22:23:13.364824+00:00
7574,Foe Ondoa,Monza,https://www.fantacalcio.it/serie-a/squadre/monza/foe-ondoa/7574,"Spera di racimolare un minimo di partite a voto, anche da subentrato. Andrà via ad un prezzo molto basso.","Non proprio propenso al bonus, inoltre parte parecchio dietro nelle gerarchie.",ok,,2026-09-02T22:20:41.684259+00:00
7092,Jovanovic,Udinese,https://www.fantacalcio.it/serie-a/squadre/udinese/jovanovic/7092,,,missing,PRO/CONTRO not found; bytes=54028 title='Lazar Jovanovic - Profilo calciatore 2025/26 | Fantacalcio' hasDescrizione=False,2026-09-02T22:20:43.750273+00:00
7165,Liteta,Cagliari,https://www.fantacalcio.it/serie-a/squadre/cagliari/liteta/7165,"Giovane scommessa dal prezzo bassissimo. Può racimolare diverse presenze, anche da subentrato.","Parte leggermente dietro nelle gerarchie. Profilo di stampo difensivo, più malus che bonus in canna.",ok,,2026-08-30T22:23:15.629458+00:00
7357,Lahdo,Como,https://www.fantacalcio.it/serie-a/squadre/como/lahdo/7357,"Giovane scommessa, incline al bonus per il suo ruolo. Prezzo bassissimo.","Parte comunque dietro nelle gerarchie, rischia di giocare poco, quasi mai da titolare.",ok,,2026-08-30T22:23:17.512481+00:00
7456,El Azzouzi A.,Frosinone,https://www.fantacalcio.it/serie-a/squadre/frosinone/el-azzouzi-a/7456,Potrebbe rientrare nelle rotazioni racimolando un minimo di partite a voto. Andrà sicuramente via ad un prezzo bassissimo.,"Non proprio un centrocampista propenso al bonus. La concorrenza è folta, rischia di giocare raramente da titolare.",ok,,2026-08-30T22:23:19.497456+00:00
5725,Kone B.,Frosinone,https://www.fantacalcio.it/serie-a/squadre/frosinone/kone-b/5725,"Può racimolare un discreto numero di partite a voto, anche da subentrato. Andrà sicuramente via al prezzo minimo.","Porta pochissimi bonus, inoltre allo stesso tempo non offre grosse garanzie in termini di minutaggio.",ok,,2026-08-30T22:23:21.482327+00:00
7345,Przyborek,Lazio,https://www.fantacalcio.it/serie-a/squadre/lazio/przyborek/7345,Gioiellino che potrebbe sbocciare con Gattuso. Scommessa di stampo offensivo e che andrà via ad un prezzo anche abbastanza basso. Intriga molto anche per la propensione al bonus.,"Giovanissimo, alla prima stagione completa in un campionato così importante. La concorrenza è folta e lui non è scontato che sia titolare fin da subito. Potrebbe avere un rendimento altalenante.",ok,,2026-08-30T22:23:27.004547+00:00
6410,Kaba,Lecce,https://www.fantacalcio.it/serie-a/squadre/lecce/kaba/6410,"Potrebbe racimolare diverse partite a voto, anche da subentrato. Prezzo bassissimo.","Parte comunque dietro nelle gerarchie, nettamente di stampo difensivo, porta pochissimi bonus. Incline ai problemi fisici.",ok,,2026-08-30T22:23:29.426842+00:00
7319,Fofana Sa.,Lecce,https://www.fantacalcio.it/serie-a/squadre/lecce/fofana-sa/7319,"Spera di racimolare un minimo di presenze, anche da subentrato. Andrà via al prezzo minimo.","Parte nettamente dietro nelle gerarchie. Di stampo difensivo, poco propenso al bonus.",ok,,2026-08-30T22:23:31.290789+00:00
5007,Ilic,Lecce,https://www.fantacalcio.it/serie-a/squadre/lecce/ilic/5007,"Può rientrare stabilmente nelle rotazioni e racimolare un minimo di partite a voto, magari anche da subentrato. Prezzo basso.","La concorrenza in mediana non manca. Molto discontinuo in termini di rendimento, occhio ai problemi fisici.",ok,,2026-08-30T22:23:39.145492+00:00
6889,Anjorin,Torino,https://www.fantacalcio.it/serie-a/squadre/torino/anjorin/6889,"Spera di racimolare un minimo di presenze, anche a gara in corso. Vizietto del bonus, andrà sicuramente via al prezzo minimo.","La concorrenza in mediana è foltissima, lui parte dietro nelle gerarchie. Inoltre è sempre alle prese con dei problemini di natura fisica che spesso influenzano le sue stagioni.",ok,,2026-08-30T22:23:41.861872+00:00
7481,Dagasso,Venezia,https://www.fantacalcio.it/serie-a/squadre/venezia/dagasso/7481,"Spera di racimolare un minimo di presenze, magari anche da subentrato. Abbastanza propositivo, andrà sicuramente via al prezzo minimo in sede d’asta.","Non parte avanti nelle gerarchie, anzi. La concorrenza è foltissima e sembrerebbe uno degli ultimi nelle idee dell’allenatore.",ok,,2026-08-30T22:23:47.130726+00:00
7571,Laerke,Lecce,https://www.fantacalcio.it/serie-a/squadre/lecce/laerke/7571,"Giovane gioiellino che ha trovato tanto spazio durante la pre-season. Può rendersi utile anche a gara in corso, scommessina intrigante.","Ovviamente la concorrenza non manca, potrebbe essere di difficile gestione in sede di formazione. Rischia di giocare raramente da titolare.",ok,,2026-08-30T22:23:49.585972+00:00
7572,Comotto,Milan,https://www.fantacalcio.it/serie-a/squadre/milan/comotto/7572,"Giovane gioiello che spera di racimolare un minimo di partite a voto, magari anche da subentrato. Andrà sicuramente via al prezzo minimo.","Parte ovviamente dietro nelle gerarchie, rischia di giocare davvero raramente da titolare. Porta pochi bonus.",ok,,2026-08-30T22:23:52.464124+00:00
7575,Mout,Monza,https://www.fantacalcio.it/serie-a/squadre/monza/mout/7575,"Qualitativo, parecchio incline all'assist. Sempre propenso all'imbucata, scommessina molto intrigante dal prezzo basso.","Si alternerà tanto, non si può considerare un perno inamovibile. Giovanissimo, ancora altalenante.",ok,,2026-09-02T22:20:45.892219+00:00
5462,Ciervo,Cagliari,https://www.fantacalcio.it/serie-a/squadre/cagliari/ciervo/5462,"Di stampo offensivo, potrà essere un'arma importante a gara in corso. Andrà via ad un prezzo molto basso.","Parte dietro nelle gerarchie, potrebbe partire raramente da titolare. Non proprio incline al bonus.",ok,,2026-09-02T22:20:48.317726+00:00
5585,Malen,Roma,https://www.fantacalcio.it/serie-a/squadre/roma/malen/5585,"Top di ruolo, probabilmente primo slot assoluto. Inamovibile e pronto a dispensare molteplici bonus tra gol e assist. Costante.","Ovviamente in questo caso il ""contro"" principale sarà il prezzo. Potrebbe arrivare a cifre stratosferiche, un suo acquisto potrebbe compromettervi tutta l'asta.",ok,,2026-08-30T22:24:01.833459+00:00
2764,Martinez L.,Inter,https://www.fantacalcio.it/serie-a/squadre/inter/martinez-l/2764,"Capocannoniere della scorsa stagione, primo slot assoluto in avanti. Inamovibile e con un senso del gol a dir poco marcato.","Il prezzo sarà alto come al solito, anzi altissimo. Seguite l'FVM per non esagerare. Inoltre, non mancheranno i soliti periodi di digiuno a cui ci ha abituato nelle ultime stagioni.",ok,,2026-08-30T22:24:04.296759+00:00
4871,Thuram,Inter,https://www.fantacalcio.it/serie-a/squadre/inter/thuram/4871,Anche nella prossima stagione le partite a voto saranno tantissime. Pronto a garantire 15 bonus come al solito tra gol e assist.,"Altalenante nella distribuzione dei bonus, la concorrenza di Pio Esposito sarà ancor più fastidioso. Occhio agli acciacchi fisici, spesso influenzano le sue stagioni.",ok,,2026-08-30T22:24:06.806848+00:00
6052,Hojlund,Napoli,https://www.fantacalcio.it/serie-a/squadre/napoli/hojlund/6052,"Titolarissimo, con Allegri può sbocciare in maniera definitiva. Può incrementare il proprio bottino di bonus in maniera importante ed essere anche più continuo.","Ovviamente in questo caso occhio al prezzo, ha dimostrato di essere ancora leggermente altalenante, dunque meglio non esagerare. Seguite l'FVM.",ok,,2026-08-30T22:24:12.559594+00:00
6397,Ramos G.,Milan,https://www.fantacalcio.it/serie-a/squadre/milan/ramos-g/6397,"Sarà sicuramente titolare, attaccante completo che può garantire un soddisfacente numero di bonus. Per rapporto qualità-prezzo potrebbe anche essere uno dei migliori acquisti della stagione.","Ovviamente il prezzo potrebbe essere anche con contro, perciò vi consigliamo di seguire l’FVM per non esagerare. Al primo anno in Serie A potrebbe anche impiegare un po’ ad adattarsi.",ok,,2026-08-30T22:24:10.107001+00:00
5951,Kolo Muani,Juventus,https://www.fantacalcio.it/serie-a/squadre/juventus/kolo-muani/5951,"E' l'attaccante che Spalletti stava aspettando. Nel contesto bianconero può sbocciare nuovamente e fare benissimo in Serie A. Un top di lista che giocherà tantissimo, un inamovibile.","Può incrementare il proprio bottino di bonus, ma non è proprio un bomber di razza, quindi occhio a non esagerare con il prezzo (che sarà alto). Seguite l'FVM.",ok,,2026-08-30T22:24:18.087945+00:00
2097,Kean,Fiorentina,https://www.fantacalcio.it/serie-a/squadre/fiorentina/kean/2097,"Giocherà tanto anche al Como, con Fabregas può tornare a segnare con continuità e ad essere protagonista. Dopo la scorsa stagione e con il cambio maglia potrebbe andare via anche ad una cifra abbordabile.","Resta comunque discontinuo, soprattutto nel rendimento. Ha diversi momenti in cui si assenta, il ballottaggio con Douvikas sarà serratissimo e continuo.",ok,,2026-08-30T22:24:15.714587+00:00
6752,Woltemade,Juventus,https://www.fantacalcio.it/serie-a/squadre/juventus/woltemade/6752,,,missing,PRO/CONTRO not found; bytes=54010 title='Nick Woltemade - Profilo calciatore 2025/26 | Fantacalcio' hasDescrizione=False,2026-09-02T22:20:51.363488+00:00
7017,Douvikas,Como,https://www.fantacalcio.it/serie-a/squadre/como/douvikas/7017,"Sempre a voto, feeling marcato con il gol e rendimento costante per un profilo affidabile e dal prezzo comunque non troppo elevato.","Sembrava non avere punti deboli in chiave Fanta, invece con Kean il discorso cambia. Non è più scontato che sia un inamovibile, anzi.",ok,,2026-08-30T22:24:24.002945+00:00
6434,Yildiz,Juventus,https://www.fantacalcio.it/serie-a/squadre/juventus/yildiz/6434,"Potrebbe essere la stagione della consacrazione, con Spalletti può esplodere definitivamente. Sempre tra i migliori, propenso al bonus e inamovibile. Possibile rigorista.","Ha dei momenti di pausa, ancora leggermente discontinuo. Occhio al prezzo, potrebbe essere parecchio alto. Consultate l'FVM per non esagerare.",ok,,2026-08-30T22:24:20.800652+00:00
2137,Scamacca,Atalanta,https://www.fantacalcio.it/serie-a/squadre/atalanta/scamacca/2137,"Le sue caratteristiche si sposano bene con la filosofia di Sarri, potrebbe essere leggermente avanti nel ballottaggio con Krstovic. Qualità-prezzo può essere molto interessante, non sarà pagato di certo come un top.","Leggermente avanti si, ma il ballottaggio con Krstovic resta comunque serrato. Spesso alle prese con problemi fisici, il rischio che salti diverse partite è sempre alto.",ok,,2026-08-30T22:24:28.864941+00:00
531,Berardi,Sassuolo,https://www.fantacalcio.it/serie-a/squadre/sassuolo/berardi/531,"Titolare inamovibile, garantisce sempre un buon numero di bonus. Rigorista designato, il prezzo potrebbe calare rispetto alla scorsa stagione.","Sempre leggermente discontinuo, inoltre l'età avanza e gli acciacchi fisici aumentano. Incline ai cartellini.",ok,,2026-08-30T22:24:34.622031+00:00
5637,Davis K.,Udinese,https://www.fantacalcio.it/serie-a/squadre/udinese/davis-k/5637,Titolarissimo pronto a garantire un numero consistente di gol. Per qualità-prezzo può essere ancora una volta un ottimo profilo. Rigorista.,"Spesso alle prese con problemi di natura fisica, acciacchi che si ripresentano di continuo e che influenzano le sue stagioni.",ok,,2026-08-30T22:24:31.932255+00:00
6435,Krstovic,Atalanta,https://www.fantacalcio.it/serie-a/squadre/atalanta/krstovic/6435,"Andrà quasi sempre a voto, è uno che può serenamente incidere anche da subentrato. Garantisce sempre un buon bottino di bonus ad un prezzo normale, ma se entra nelle grazie di Sarri potrebbe anche avere un rendimento da top.","Non un inamovibile ai nastri di partenza, il ballottaggio con Scamacca è infatti serratissimo. Ancora leggermente discontinuo.",ok,,2026-08-30T22:24:26.198062+00:00
5995,De Ketelaere,Atalanta,https://www.fantacalcio.it/serie-a/squadre/atalanta/de-ketelaere/5995,"Calciatore di qualità propenso al bonus. Non ci aspettiamo un prezzo da top, anzi (dunque tenetelo d'occhio all'asta). Ha le carte per andare a voto praticamente sempre, soprattutto da titolare.","Non proprio il classico esterno di Sarri, potrebbe impiegare un po' ad adattarsi alle richieste del tecnico toscano. Sempre occhio alla concorrenza.",ok,,2026-08-30T22:24:36.773333+00:00
7071,Esposito F.P.,Inter,https://www.fantacalcio.it/serie-a/squadre/inter/esposito-f-p/7071,"Sempre a voto, ha dimostrato di poter essere incisivo anche da subentrato. Avrà probabilmente ancor più occasioni rispetto allo scorso anno, per qualità-prezzo può essere un grande acquisto.","Parte comunque ancora dietro nelle gerarchie rispetto a Thuram e Lautaro, dunque non va trattato come top o titolare inamovibile.",ok,,2026-08-30T22:24:38.861342+00:00
309,Dybala,Roma,https://www.fantacalcio.it/serie-a/squadre/roma/dybala/309,"Colpi da fenomeno, sempre molto pericoloso anche sui piazzati. Quando chiamato in causa si rivela sempre affidabile e costante. Il prezzo può essere d'occasione, se sta bene...","Purtroppo però il se è grosso quanto una casa. Le condizioni fisiche dell'argentino restano un punto interrogativo enorme. Se sta bene è un inamovibile per Gasp, è facile aspettarsi che le partite saltate per infortunio possano essere diverse anche stavolta.",ok,,2026-08-30T22:24:42.617723+00:00
6675,Dovbyk,Bologna,https://www.fantacalcio.it/serie-a/squadre/bologna/dovbyk/6675,"Arriva per essere protagonista. Avrà sicuramente più minutaggio, per rapporto qualità-prezzo può essere molto interessante.","Non proprio continuo, soprattutto per una questione fisica. Dovrà ambientarsi ad un nuovo contesto.",ok,,2026-08-30T22:24:40.698975+00:00
6060,Laurientè,Sassuolo,https://www.fantacalcio.it/serie-a/squadre/sassuolo/lauriente/6060,"Titolare inamovibile, può garantire un soddisfacente numero di bonus totali. Per qualità-prezzo rappresenta un ottimo affare.","Dopo la scorsa stagione il prezzo resta comunque un minimo da monitorare, potrebbe alzarsi. Ha dei momenti di pausa non brevissimi nel corso della stagione.",ok,,2026-08-30T22:24:45.759636+00:00
4371,Raspadori,Atalanta,https://www.fantacalcio.it/serie-a/squadre/atalanta/raspadori/4371,"Calciatore tecnico e rapido, con un ottimo feeling in termini di bonus. Sempre a voto, andrà via ad un prezzo comunque parecchio contenuto.","La collocazione tattica resta la sua spada di Damocle. Non è un esterno puro e neanche una punta, con Sarri potrebbe giocare in entrambi ruoli o essere la prima alternativa. Non è scontato che sia un titolare inamovibile.",ok,,2026-08-30T22:24:50.706202+00:00
7351,Santos A.,Napoli,https://www.fantacalcio.it/serie-a/squadre/napoli/santos-a/7351,Ha le qualità per essere protagonista. Ci aspettiamo possa andare sempre a voto e collezionare diversi bonus. Rapporto qualità-prezzo può essere un ottimo acquisto.,"La concorrenza non manca, inoltre non parliamo di un bomber di razza. Pecca un po' di discontinuità.",ok,,2026-08-30T22:24:53.894120+00:00
7023,Pellegrino M.,Fiorentina,https://www.fantacalcio.it/serie-a/squadre/fiorentina/pellegrino-m/7023,"Possibile rigorista quando in campo, arma importante anche a gara in corso. Fenomenale di testa. Può garantire un buon numero di bonus ad un prezzo comunque abbordabile.","Un acquisto che conviene al costo giusto, soprattutto dopo il cambio maglia. Ha dei momenti di blackout, non si può considerare un top. Inoltre parte dietro Kean nelle gerarchie.",ok,,2026-08-30T22:24:56.724113+00:00
6572,Castro S.,Roma,https://www.fantacalcio.it/serie-a/squadre/roma/castro-s/6572,"Entrerà stabilmente nelle rotazioni offensive, inoltre il prezzo potrebbe anche calare, non poco. Con Gasperini può diventare più concreto e aumentare il proprio bottino di bonus.","Perde terreno in termini di titolarità. Al Bologna era inamovibile, alla Roma parte leggermente dietro nelle gerarchie.",ok,,2026-08-30T22:24:59.407953+00:00
2061,Simeone,Torino,https://www.fantacalcio.it/serie-a/squadre/torino/simeone/2061,"Titolare, riesce sempre a garantire la doppia cifra di gol con un gran numero di presenze a corredo. Profilo ovviamente che spicca per rapporto qualità-prezzo.","Come spesso capita ai centravanti, ha dei digiuni che possono durare anche diverse settimane. Quando non segna la MV non brilla.",ok,,2026-08-30T22:24:47.567897+00:00
5694,Beto,Fiorentina,https://www.fantacalcio.it/serie-a/squadre/fiorentina/beto/5694,,,missing,PRO/CONTRO not found; bytes=54285 title='Beto - Profilo calciatore 2025/26 | Fantacalcio' hasDescrizione=False,2026-09-02T22:20:53.607758+00:00
5734,Soulè,Roma,https://www.fantacalcio.it/serie-a/squadre/roma/soule/5734,Spera di incrementare il suo bottino di bonus alla seconda stagione con Gasperini. Prezzo davvero molto basso.,"Un minimo di equivoco tattico con Dybala in campo si crea, si pestano un po' i piedi. Ancora leggermente discontinuo in termini sia di rendimento che di produzione bonus. Parte dietro nelle gerarchie, è sul mercato.",ok,,2026-08-30T22:25:09.190632+00:00
4463,Esposito Se.,Sassuolo,https://www.fantacalcio.it/serie-a/squadre/sassuolo/esposito-se/4463,"Calciatore di grande qualità, incline al bonus e molto duttile. Anche possibile rigorista senza Berardi, per qualità-prezzo può essere un grande acquisto.","Approda al Sassuolo dove dovrebbe agire da falso 9, in una posizione quasi del tutto nuova. Si gioca il posto con Bowie.",ok,,2026-08-30T22:25:01.889391+00:00
6967,Diao,Como,https://www.fantacalcio.it/serie-a/squadre/como/diao/6967,"Intriga per qualità-prezzo, dopo la scorsa stagione potrebbe non costare tantissimo. La propensione al bonus e le qualità però restano. Profilo che andrà sempre a voto e che può regalare soddisfazioni.",Con la Champions in vista si alternerà anche lui. Occhio ovviamente anche agli acciacchi fisici che nell'ultimo periodo l'hanno tormentato.,ok,,2026-08-30T22:25:15.205631+00:00
2038,Pinamonti,Lazio,https://www.fantacalcio.it/serie-a/squadre/lazio/pinamonti/2038,"Punto di riferimento offensivo, pronto a garantire comunque la doppia cifra di gol, anche senza rigori. Per qualità-prezzo resta un ottimo acquisto, ancor di più alla Lazio.","Non proprio continuo nella distribuzione dei gol, ha i suoi momenti no. Occhio sempre alla concorrenza, non manca in biancoceleste.",ok,,2026-08-30T22:25:04.207520+00:00
7547,Kevin Carlos,Cagliari,https://www.fantacalcio.it/serie-a/squadre/cagliari/kevin-carlos/7547,"Arriva per essere il punto di riferimento dell'attacco sardo, probabilmente prima scelta anche per i calci di rigore. Per qualità-prezzo può rappresentare un acquisto davvero molto interessante.",Al primo anno in Serie A potrebbe ovviamente impiegare un minimo prima di ambientarsi. Inoltre milita in una squadra non proprio offensiva.,ok,,2026-08-30T22:25:06.855042+00:00
4923,Colombo,Genoa,https://www.fantacalcio.it/serie-a/squadre/genoa/colombo/4923,"Titolare di riferimento, possibile rigorista e rivitalizzato da De Rossi. Con quest'ultimo può confermarsi a buoni livelli, con un bottino discreto di bonus e ad un prezzo che resta sempre abbordabile.","Resta un profilo comunque parecchio discontinuo, sia nella distribuzione dei bonus che nel rendimento e nella MV di conseguenza.",ok,,2026-08-30T22:25:17.792331+00:00
7484,Adams A.,Venezia,https://www.fantacalcio.it/serie-a/squadre/venezia/adams-a/7484,"Centravanti di esperienza e di riferimento, pronto a garantire un bel bottino di bonus ed un numero soddisfacente di presenze. Può essere un ottimo acquisto per qualità-prezzo.",Ovviamente molto dipenderà anche dalla pericolosità offensiva del Venezia. Al primo anno in Serie A potrebbe comunque impiegare un minimo ad ambientarsi.,ok,,2026-08-30T22:25:12.395717+00:00
6646,Adams C.,Torino,https://www.fantacalcio.it/serie-a/squadre/torino/adams-c/6646,"Rientrerà stabilmente nelle rotazioni, andando a voto praticamente sempre, anche da subentrato. Jolly offensivo duttile e con il vizietto del bonus. Prezzo abbordabile.","La concorrenza non manca sul fronte offensivo, rischia di essere meno inamovibile di quanto ci si possa aspettare. Non è un bomber di razza.",ok,,2026-08-30T22:25:30.869502+00:00
6229,Tourè E.,Parma,https://www.fantacalcio.it/serie-a/squadre/parma/toure-e/6229,"Arriva per essere titolare e giocare finalmente con continuità, pronto a fare la differenza anche in termini di bonus. Interessantissima scommessa per qualità-prezzo.","Giocatore molto discontinuo, sotto diversi aspetti, anche per quanto concerne la situazione fisica.",ok,,2026-08-30T22:25:20.944143+00:00
7554,Romero D.,Parma,https://www.fantacalcio.it/serie-a/squadre/parma/romero-d/7554,"Attaccante molto duttile e intelligente, si adegua a diverse situazioni. Aggressivo, sempre affamato. Può regalare diverse gioie ad un prezzo molto basso.","Prima esperienza in Europa, in una squadra che lotterà per non retrocedere e che non segna tantissimo. Le difficoltà non mancheranno.",ok,,2026-08-30T22:25:33.219506+00:00
5436,Raimondo,Frosinone,https://www.fantacalcio.it/serie-a/squadre/frosinone/raimondo/5436,"Protagonista in Serie B, proverà a racimolare diverse presenze anche in A. Può regalare qualche bonus ad un prezzo molto basso.","Ovviamente il salto di categoria spesso si fa sentire, non è assolutamente scontato che possa avere lo stesso rendimento avuto nella scorsa stagione. Tutt'altro che un inamovibile.",ok,,2026-08-30T22:26:00.350611+00:00
2155,Cutrone,Monza,https://www.fantacalcio.it/serie-a/squadre/monza/cutrone/2155,"Andrà praticamente sempre a voto. Nel contesto giusto può fare bene, pronto a garantire un discreto numero di bonus ad un prezzo comunque abbordabile.","Sempre altalenante nel rendimento, ovviamente non si può considerare un vostro titolare inamovibile.",ok,,2026-08-30T22:25:43.099652+00:00
7347,Bowie,Sassuolo,https://www.fantacalcio.it/serie-a/squadre/sassuolo/bowie/7347,Attaccante molto duttile e con un feeling abbastanza marcato con il bonus. Può essere importante anche da subentrato. Per qualità-prezzo è un profilo che intriga davvero tanto.,"Occhio ovviamente alla concorrenza, non è scontato che diventi subito un inamovibile e che riesca ad imporsi.",ok,,2026-08-30T22:25:28.481748+00:00
6904,Yeboah J.,Venezia,https://www.fantacalcio.it/serie-a/squadre/venezia/yeboah-j/6904,"Reduce da una grandissima annata in Serie B, può fare lo step successivo anche in Serie A. Andrà spessissimo a voto, può garantire un discreto bottino di bonus totali. Per qualità-prezzo rappresenta una scommessa intrigante.","Non è un bomber di razza, dunque non vi aspettate un rendimento da centravanti puro. Leggermente discontinuo, potrebbe anche accusare il cambio di categoria.",ok,,2026-08-30T22:25:53.336453+00:00
7612,Bobcek,Frosinone,https://www.fantacalcio.it/serie-a/squadre/frosinone/bobcek/7612,"Feeling importante con il gol, parecchio forte anche nel gioco aereo. Molto freddo sotto porta, stuzzica anche perchè andrà via ad un prezzo abbordabilissimo.","La concorrenza in avanti è parecchio folta, alla prima esperienza in Serie A non è assolutamente scontato che diventi un inamovibile assoluto.",ok,,2026-08-30T22:25:45.629575+00:00
4359,Piccoli,Bologna,https://www.fantacalcio.it/serie-a/squadre/bologna/piccoli/4359,"Profilo low cost capace di garantire un discreto numero sia di bonus che di presenze. Come detto, prezzo abbordabile, ma ottimo senso del go. Può sfruttare i momenti no di Dovbyk.","Parte leggermente dietro nelle gerarchie rispetto a Dovbyk. Non si può considerare di certo un inamovibile, almeno in fase di start.",ok,,2026-08-30T22:25:48.006072+00:00
6530,Ghedjemis,Frosinone,https://www.fantacalcio.it/serie-a/squadre/frosinone/ghedjemis/6530,"Esploso nella scorsa stagione di Serie B, parecchio incline al gol nonostante sia un’ala. Ha le qualità per confermarsi tra i titolari e può garantire diversi +3, il tutto ad un prezzo comunque abbastanza basso.","Un minimo discontinuo nel rendimento, potrebbe ovviamente fare più fatica in Serie A. Inoltre, non manca la concorrenza.",ok,,2026-08-30T22:25:36.230128+00:00
6164,Vitinha O.,Genoa,https://www.fantacalcio.it/serie-a/squadre/genoa/vitinha-o/6164,"Esperto, con giocate estemporanee da fenomeno. Andrà molto spesso a voto, può incidere anche da subentrato. Prezzo basso.","Altalenante, non è scontato che sia un inamovibile. Inoltre, occhio agli acciacchi fisici e alla concorrenza.",ok,,2026-08-30T22:25:50.681167+00:00
5029,Geubbels,Lecce,https://www.fantacalcio.it/serie-a/squadre/lecce/geubbels/5029,"Arriva per giocarsi le sue carte, può racimolare diverse partite a voto, diventando incisivo magari anche da subentrato. Scommessa che intriga ovviamente anche per il prezzo che sarà basso, avrà spazio e può incidere.","Non proprio un bomber freddissimo, risulta anche parecchio discontinuo, sia sotto l’aspetto dei bonus che di minutaggio. Il ballottaggio con Stulic sarà comunque serrato.",ok,,2026-08-30T22:25:41.233292+00:00
7600,Osmajic,Genoa,https://www.fantacalcio.it/serie-a/squadre/genoa/osmajic/7600,"Ha fame, per caratteristiche può rappresentare una bella sorpresa. Anche da subentrato può incidere, buon feeling con il gol. Prezzo abbordabile.","Parte leggermente dietro rispetto a Colombo, il ballottaggio è serrato e probabilmente lo sarà per tutta la stagione. Al primo anno in Serie A.",ok,,2026-08-30T22:25:58.566699+00:00
6669,Bonny,Inter,https://www.fantacalcio.it/serie-a/squadre/inter/bonny/6669,"Andrà spesso a voto, è uno che può incidere anche da subentrato. Completo, sarà sicuramente il meno pagato dell'attacco nerazzurro.","Non proprio un bomber di razza, parte comunque dietro nelle gerarchie rispetto agli altri. Rischia di essere raramente titolare.",ok,,2026-08-30T22:26:03.046798+00:00
2832,Boga,Juventus,https://www.fantacalcio.it/serie-a/squadre/juventus/boga/2832,"Andrà quasi sempre a voto, incisivo anche a gara in corso. Per qualità-prezzo intriga.","Parte dietro nelle gerarchie, rischia di giocare raramente da titolare (dunque difficile da gestire in sede di formazione). Altalenante, non è un bomber di razza.",ok,,2026-08-30T22:26:14.911359+00:00
7523,Varela G.,Monza,https://www.fantacalcio.it/serie-a/squadre/monza/varela-g/7523,"Può racimolare diverse partite a voto, anche a gara in corso. Buon feeling con il gol, sa incidere anche da subentrato. Andrà via sicuramente ad un prezzo molto basso, è un'occasione.","Sarà al primo anno in Serie A. Avrà bisogno di un minimo di ambientamento, ci aspettiamo dei momenti di difficoltà. Milita in una squadra non proprio super offensiva.",ok,,2026-08-30T22:26:31.910133+00:00
7449,Rrahmani Al.,Venezia,https://www.fantacalcio.it/serie-a/squadre/venezia/rrahmani-al/7449,"Attaccante duttile, arriva ovviamente per dare un contributo importante, soprattutto in termini di gol. Può racimolare diverse partite a voto, entrando e incidendo anche a gara in corso. Andrà via ad un prezzo abbordabilissimo.","La concorrenza è folta e la sua titolarità è tutt’altro che certa e scontata. Inoltre, è alla prima esperienza assoluta in Serie A, potrebbe impiegarci un minimo ad ambientarsi totalmente.",ok,,2026-08-30T22:25:55.788169+00:00
7623,Gnonto,Fiorentina,https://www.fantacalcio.it/serie-a/squadre/fiorentina/gnonto/7623,,,missing,PRO/CONTRO not found; bytes=54178 title='Wilfried Gnonto - Profilo calciatore 2025/26 | Fantacalcio' hasDescrizione=False,2026-09-02T22:20:55.530382+00:00
5918,Sulemana K.,Atalanta,https://www.fantacalcio.it/serie-a/squadre/atalanta/sulemana-k/5918,Impattante anche da subentrato. Prezzo molto basso. Può racimolare diverse partite a voto.,"Non proprio un bomber di razza, anzi. Spesso fumoso, parte leggermente dietro nelle gerarchie, sia a sinistra che a destra.",ok,,2026-08-30T22:26:09.957430+00:00
6204,Kvernadze,Frosinone,https://www.fantacalcio.it/serie-a/squadre/frosinone/kvernadze/6204,"Rientrerà stabilmente nelle rotazioni offensive, può racimolare più di un bonus. Spesso a voto, andrà via probabilmente ad un prezzo abbastanza basso. Scommessa che intriga.","Ancora abbastanza altalenante, non sempre freddissimo dinanzi alla porta. Non è probabilmente un titolare inamovibile.",ok,,2026-08-30T22:26:50.212139+00:00
6556,Noslin,Lazio,https://www.fantacalcio.it/serie-a/squadre/lazio/noslin/6556,"Duttilissimo, pronto a garantire un buon numero di presenze. Può essere incisivo anche da subentrato. Prezzo parecchio abbordabile.","Molto altalenante nel rendimento, non proprio un bomber di razza. Concorrenza folta, non è un titolarissimo.",ok,,2026-08-30T22:26:16.954554+00:00
7252,Stulic,Lecce,https://www.fantacalcio.it/serie-a/squadre/lecce/stulic/7252,Al secondo anno in Serie A può incrementare il proprio bottino di bonus. Andrà praticamente sempre a voto. Prezzo parecchio basso.,"Molto altalenante, porterà diverse insufficienze. Occhio inoltre alla concorrenza, non è scontato che sia un inamovibile, anzi.",ok,,2026-08-30T22:26:04.864866+00:00
6831,Neres,Napoli,https://www.fantacalcio.it/serie-a/squadre/napoli/neres/6831,"Sempre a voto, può essere parecchio incisivo anche da subentrato. Intriga per qualità-prezzo, ci aspettiamo un costo basso.","Concorrenza folta, lui è parecchio discontinuo nel rendimento, anche a causa di qualche problemino fisico di troppo.",ok,,2026-08-30T22:26:22.315370+00:00
608,Zapata D.,Torino,https://www.fantacalcio.it/serie-a/squadre/torino/zapata-d/608,"Può garantire un buon numero di presenze, incisivo anche da subentrato. Feeling marcato con il gol, prezzo probabilmente molto basso.",La concorrenza in avanti è davvero foltissima. Altalenante il suo rendimento nelle ultime annate a causa di continui problemi fisici.,ok,,2026-08-30T22:26:07.960998+00:00
7620,Zeballos,Monza,https://www.fantacalcio.it/serie-a/squadre/monza/zeballos/7620,,,missing,PRO/CONTRO not found; bytes=53968 title='Exequiel Zeballos - Profilo calciatore 2025/26 | Fantacalcio' hasDescrizione=False,2026-09-02T22:20:57.108904+00:00
4896,Maldini,Cagliari,https://www.fantacalcio.it/serie-a/squadre/cagliari/maldini/4896,"Di stampo offensivo, incline al bonus. Duttile, potrebbe finalmente trovare continuità e diventare un'ottima alternativa ai vostri titolarissimi.","Tatticamente ibrido, non sarà facile cucirgli su misura una posizione precisa. Spesso altalenante, sotto diversi aspetti.",ok,,2026-08-30T22:26:24.459504+00:00
7610,Birligea,Frosinone,https://www.fantacalcio.it/serie-a/squadre/frosinone/birligea/7610,"Può collezionare diverse partite a voto, anche da subentrato. Buon feeling con il gol, andrà sicuramente via ad un prezzo molto basso.","Concorrenza foltissima in avanti, è tutt'altro che scontato che sia un titolare fisso. Sarà di difficile gestione in sede di formazione.",ok,,2026-08-30T22:26:41.772663+00:00
6145,Ngonge,Monza,https://www.fantacalcio.it/serie-a/squadre/monza/ngonge/6145,"Potrebbe avere continuità, profilo che può essere incisivo parecchio anche da subentrato. Buon feeling con il gol, prezzo molto basso.","Discontinuo in termini di rendimento, la concorrenza non manca. Potrebbe alternarsi tanto.",ok,,2026-08-30T22:26:43.690096+00:00
6243,Borrelli,Cagliari,https://www.fantacalcio.it/serie-a/squadre/cagliari/borrelli/6243,"Centravanti che può racimolare diverse partite a voto. Può incidere anche da subentrato, prezzo bassissimo.","Discontinuo, incline alle insufficienze. Si alternerà, non si può considerare un titolare inamovibile.",ok,,2026-08-30T22:26:45.651354+00:00
7374,Mendy P.,Cagliari,https://www.fantacalcio.it/serie-a/squadre/cagliari/mendy-p/7374,"Potrebbe rientrare stabilmente nelle rotazioni offensive, parecchio forte di testa. Buon senso del gol, scommessina dal prezzo basso.","Si alternerà tanto, potrebbero essere più le partite da subentrato che da titolare. Ancora leggermente discontinuo.",ok,,2026-08-30T22:26:48.135605+00:00
7453,Havel,Genoa,https://www.fantacalcio.it/serie-a/squadre/genoa/havel/7453,"Può racimolare un discreto numero di partite a voto, soprattutto da subentrato. Gran feeling con il gol, incisivo anche a gara in corso, può essere una scommessa molto intrigante, anche per il prezzo che sarà basso.","Ovviamente parte dietro nelle gerarchie rispetto a Colombo. Inoltre, al primo anno in Serie A, potrebbe impiegare un minimo nell’ambientamento.",ok,,2026-08-30T22:26:52.521066+00:00
7001,N'Dri,Lecce,https://www.fantacalcio.it/serie-a/squadre/lecce/n-dri/7001,"Andrà molto spesso a voto, incisivo anche da subentrato. Prezzo bassissimo.","Abbastanza discontinuo, non è proprio un bomber anzi. Difficile da gestire in sede di formazione.",ok,,2026-08-30T22:27:17.656897+00:00
6519,Camarda,Milan,https://www.fantacalcio.it/serie-a/squadre/milan/camarda/6519,"Spera di racimolare un buon numero di presenze, anche da subentrato. Giovane talento, ma che andrà via ad un prezzo molto basso.","Parte abbastanza dietro nelle gerarchie, rischia di racimolare davvero poche partite da titolare.",ok,,2026-08-30T22:26:27.058270+00:00
5882,Mota,Monza,https://www.fantacalcio.it/serie-a/squadre/monza/mota/5882,"Sempre uno dei punti di riferimento del Monza, incisivo anche da subentrato. Può garantire un minimo di bonus e un discreto numero di presenze, il tutto ad un prezzo basso.","Il livello si alza, l’età avanza e la concorrenza non manca. Parliamo di una copertura da ultimi slot, nulla in più.",ok,,2026-08-30T22:26:29.801350+00:00
7162,Giovane,Napoli,https://www.fantacalcio.it/serie-a/squadre/napoli/giovane/7162,"Potrebbe racimolare un minimo di partite a voto, anche da subentrato. Andrà via probabilmente al prezzo minimo.","Non ha una collocazione tattica precisa, nettamente dietro nelle gerarchie in tutti i ruoli offensivi. Altalenante.",ok,,2026-08-30T22:26:55.625835+00:00
7120,Lang,Napoli,https://www.fantacalcio.it/serie-a/squadre/napoli/lang/7120,"Spera di trovare continuità con Allegri, può fare la differenza anche da subentrato. Ci si aspetta un minimo di presenze e anche qualche bonus, il tutto ad un prezzo molto basso.","Altalenante e discontinuo nel rendimento, inoltre la concorrenza è folta e lui sembrerebbe partire dietro nelle gerarchie rispetto ad Alisson.",ok,,2026-08-30T22:26:58.547617+00:00
6215,Lucca,Napoli,https://www.fantacalcio.it/serie-a/squadre/napoli/lucca/6215,"Forte di testa, può essere un'arma a gara in corso. Andrà sicuramente via ad un prezzo molto basso.",Parte nettamente dietro nelle gerarchie rispetto ai suoi concorrenti. Rischia di racimolare davvero poche presenze.,ok,,2026-08-30T22:27:01.018852+00:00
7213,Frigan,Parma,https://www.fantacalcio.it/serie-a/squadre/parma/frigan/7213,"Spera di racimolare un minimo di partite a voto, anche da subentrato può essere incisivo. Buon feeling con il bonus. Andrà via al prezzo minimo.","Dietro nelle gerarchie, alle prese con diversi problemini fisici. Altalenante.",ok,,2026-08-30T22:26:34.305864+00:00
7349,Kulenovic,Torino,https://www.fantacalcio.it/serie-a/squadre/torino/kulenovic/7349,"Spera di racimolare un minimo di presenze, anche da subentrato. Andrà via sicuramente ad un prezzo molto basso.","Parte nettamente dietro nelle gerarchie, rischia di giocare davvero poco, praticamente mai da titolare.",ok,,2026-08-30T22:27:03.006259+00:00
7272,Gueye,Udinese,https://www.fantacalcio.it/serie-a/squadre/udinese/gueye/7272,"Spera di racimolare un minimo di partite a voto, anche da subentrato. Andrà sicuramente via al prezzo minimo.","Concorrenza foltissima in attacco, lui sembrerebbe partire dietro nelle gerarchie. Rischia di collezionare poche presenze da titolare.",ok,,2026-08-30T22:27:06.096920+00:00
4387,Adorante,Venezia,https://www.fantacalcio.it/serie-a/squadre/venezia/adorante/4387,"Reduce da una splendida stagione in Serie B, spera di fare bene anche in Serie A. Classico bomber di razza, un opportunista dal gol facile. Prezzo abbastanza basso.","Rispetto alla B cambieranno diverse cose. Non solo il livello degli avversari che si alza, ma anche quelli dei contendenti ad una maglia da titolare. Parte dietro nelle gerarchie.",ok,,2026-08-30T22:26:37.293561+00:00
7546,Robinson J.,Monza,https://www.fantacalcio.it/serie-a/squadre/monza/robinson-j/7546,"Giovane gioiello che potrebbe racimolare diverse partite a voto, anche da subentrato. Può regalare qualche bonus ad un prezzo molto basso.","Giovanissimo, alla prima esperienza in un campionato di livello così alto. Parte leggermente dietro nelle gerarchie, ancora non proprio super concreto.",ok,,2026-08-30T22:27:08.590323+00:00
2012,Milik,Juventus,https://www.fantacalcio.it/serie-a/squadre/juventus/milik/2012,"Spera di racimolare un minimo di partite a voto, anche da subentrato. Forte di testa, ottimo tiratore, sia di piazzati che da fuori area. Andrà via ad un prezzo molto basso.","Sono diversi anni che convive con infortuni durissimi, che non gli hanno permesso di giocare quasi mai. Inoltre, nel suo ruolo la concorrenza è foltissima.",ok,,2026-08-30T22:26:39.106589+00:00
7602,Fatah,Lecce,https://www.fantacalcio.it/serie-a/squadre/lecce/fatah/7602,"Andrà via ad un prezzo basso, ma può racimolare diverse partite a voto, anche a gara in corso. Incisivo da subentrato.","Concorrenza abbastanza folta in avanti, tutt'altro che scontato che possa essere un titolare inamovibile. Non proprio una macchina da bonus.",ok,,2026-09-02T22:20:59.071627+00:00
5336,Nzola,Cagliari,https://www.fantacalcio.it/serie-a/squadre/cagliari/nzola/5336,,,missing,"PRO/CONTRO not found; bytes=234423 title=""M'Bala Nzola - Profilo calciatore 2025/26 | Fantacalcio"" hasDescrizione=False",2026-09-02T22:21:01.174640+00:00
6822,Ekhator,Juventus,https://www.fantacalcio.it/serie-a/squadre/juventus/ekhator/6822,"Giovane scommessa dal prezzo molto basso. Può racimolare diverse partite a voto, anche da subentrato. Duttile e intrigante.",Arriva in un top club dove ovviamente parte dietro nelle gerarchie. Rischia di partire davvero raramente dal primo minuto.,ok,,2026-08-30T22:27:15.755248+00:00
7342,Elphege,Parma,https://www.fantacalcio.it/serie-a/squadre/parma/elphege/7342,"Può racimolare diverse partite a voto, anche da subentrato. Bravo di testa, fisicamente dominante. Prezzo molto basso.",Parte nettamente dietro nelle gerarchie rispetto a Pellegrino. Ancora abbastanza altalenante nel rendimento.,ok,,2026-08-30T22:27:19.839534+00:00
7561,Lontani,Parma,https://www.fantacalcio.it/serie-a/squadre/parma/lontani/7561,"Spera di racimolare almeno un minimo presenze, anche da subentrato. Andrà probabilmente via al prezzo più basso possibile. Buon feeling con il gol.","Parte dietro nelle gerarchie, rischia di essere raramente titolare. Abbastanza discontinuo.",ok,,2026-08-30T22:27:22.349493+00:00
7317,Trepy,Cagliari,https://www.fantacalcio.it/serie-a/squadre/cagliari/trepy/7317,"Giovane scommessa dal prezzo minimo, può racimolare qualche presenza soprattutto da subentrato.","Parte nettamente dietro nelle gerarchie, rischia di giocare davvero poco.",ok,,2026-08-30T22:27:24.057345+00:00
7161,Bayo V.,Udinese,https://www.fantacalcio.it/serie-a/squadre/udinese/bayo-v/7161,"Spera di racimolare un minimo di partite a voto, anche da subentrato. Andrà sicuramente via al prezzo minimo.","Concorrenza foltissima in attacco, lui sembrerebbe partire dietro nelle gerarchie. Rischia di collezionare poche presenze da titolare.",ok,,2026-08-30T22:27:30.753505+00:00
7408,Lisman,Venezia,https://www.fantacalcio.it/serie-a/squadre/venezia/lisman/7408,"Duttile, può rappresentare una buona risorsa anche a gara in corso. Andrà sicuramente via al prezzo minimo.","Parte abbastanza dietro nelle gerarchie, rischia di collezionare diversi SV e di non giocare praticamente mai da titolare. Ancora acerbo.",ok,,2026-08-30T22:27:32.933494+00:00
7482,Lauberbach,Venezia,https://www.fantacalcio.it/serie-a/squadre/venezia/lauberbach/7482,"Spera di racimolare un minimo di partite a voto, magari anche da subentrato. Andrà sicuramente via al prezzo minimo.","Parte nettamente dietro nelle gerarchie, rischia di collezionare diversi SV, non giocando praticamente mai da titolare.",ok,,2026-08-30T22:27:36.070240+00:00
7568,De Martis,Parma,https://www.fantacalcio.it/serie-a/squadre/parma/de-martis/7568,"Giovanissimo attaccante che spera di racimolare un minimo di partite a voto, anche da subentrato. Andrà sicuramente via al prezzo minimo.","Dietro nelle gerarchie, rischia di giocare poco, praticamente mai da titolare.",ok,,2026-08-30T22:27:37.921187+00:00
7622,Robinho Junior,Genoa,https://www.fantacalcio.it/serie-a/squadre/genoa/robinho-junior/7622,,,missing,PRO/CONTRO not found; bytes=53963 title='Robinho Junior - Profilo calciatore 2025/26 | Fantacalcio' hasDescrizione=False,2026-09-02T22:21:03.347289+00:00
